"","YEAR","POS","PLAYER","YDS.DRV","DRV.ACC","GIR","PP.GIR","EAGLE","BIRDIE","PARS","BOGEY","DBL.","TO.PAR","TO.PAR_","POS_","Marks","PTS","top_count","top_mean","PTS_std"
"1",2011,"1","United StatesSteve Stricker",295.7,80.4,65.3,1.596,3,19,41,9,0,"-16",-16,1,72,127,15,94.8,32.2
"2",2011,"T2","United StatesBrandt Jobe",293.5,83.9,65.3,1.66,0,21,45,6,0,"-15",-15,2,72,102.5,15,94.8,7.7
"3",2011,"T2","United StatesMatt Kuchar",281.3,78.6,70.8,1.627,1,22,41,7,1,"-15",-15,2,72,110,15,94.8,15.2
"4",2011,"4","United StatesDustin Johnson",309,64.3,69.4,1.68,0,23,38,11,0,"-12",-12,4,72,98.5,15,94.8,3.7
"5",2011,"5","Northern IrelandRory McIlroy",305.4,73.2,66.7,1.583,1,23,36,10,2,"-11",-11,5,72,102,15,94.8,7.2
"6",2011,"6","United StatesGary Woodland",309,76.8,69.4,1.74,1,18,44,8,1,"-10",-10,6,72,91,15,94.8,-3.8
"7",2011,"T7","United StatesWebb Simpson",300.4,62.5,65.3,1.723,1,20,39,10,2,"-8",-8,7,72,90.5,15,94.8,-4.3
"8",2011,"T7","United StatesKevin Streelman",289.6,73.2,62.5,1.711,0,20,41,10,1,"-8",-8,7,72,84.5,15,94.8,-10.3
"9",2011,"T7","United StatesMark Wilson",292.5,73.2,59.7,1.628,2,18,38,14,0,"-8",-8,7,72,92,15,94.8,-2.8
"10",2011,"T7","United StatesJonathan Byrd",291.1,71.4,63.9,1.63,1,19,41,9,2,"-8",-8,7,72,89,15,94.8,-5.8
"11",2011,"T7","EnglandLuke Donald",294.2,85.7,69.4,1.64,0,21,39,11,1,"-8",-8,7,72,86,15,94.8,-8.8
"12",2011,"T7","AustraliaJohn Senden",296.9,75,66.7,1.771,1,18,42,10,1,"-8",-8,7,72,87,15,94.8,-7.8
"13",2011,"T13","United StatesBo Van Pelt",302.2,75,65.3,1.787,2,14,46,9,1,"-7",-7,13,72,81.5,15,94.8,-13.3
"14",2011,"T13","United StatesBrett Wetterich",298.5,78.6,66.7,1.646,1,15,46,10,0,"-7",-7,13,72,77,15,94.8,-17.8
"15",2011,"T13","United StatesHunter Mahan",303.7,60.7,72.2,1.615,1,20,37,13,1,"-7",-7,13,72,85,15,94.8,-9.8
"16",2011,"T13","United StatesBen Curtis",277.6,75,70.8,1.765,0,17,46,8,1,"-7",-7,13,72,75,15,94.8,-19.8
"17",2011,"T13","United StatesPhil Mickelson",303.6,69.6,68.1,1.735,1,16,47,5,3,"-7",-7,13,72,80,15,94.8,-14.8
"18",2011,"T18","United StatesRicky Barnes",293.2,62.5,56.9,1.683,1,17,41,13,0,"-6",-6,18,72,78,15,94.8,-16.8
"19",2011,"T18","EnglandBrian Davis",277,75,68.1,1.735,0,20,41,9,1,"-6",-6,18,71,80,15,94.8,-14.8
"20",2011,"T20","United StatesD.A. Points",289.1,64.3,63.9,1.587,0,21,37,12,2,"-5",-5,20,72,78.5,15,94.8,-16.3
"21",2011,"T20","United StatesScott Stallings",308.7,64.3,69.4,1.68,0,21,38,10,3,"-5",-5,20,72,79,15,94.8,-15.8
"22",2011,"T22","United StatesRickie Fowler",309.1,64.3,66.7,1.563,1,26,26,15,3,"-4",-4,22,71,92.5,15,94.8,-2.3
"23",2011,"T22","South AfricaCharl Schwartzel",306.1,67.9,73.6,1.849,0,14,49,8,1,"-4",-4,22,72,65.5,15,94.8,-29.3
"24",2011,"T22","United StatesRyan Moore",295.6,57.1,65.3,1.66,0,20,38,12,2,"-4",-4,22,72,75,15,94.8,-19.8
"25",2011,"T22","United StatesKevin Stadler",304.5,64.3,66.7,1.792,0,17,42,13,0,"-4",-4,22,72,69.5,15,94.8,-25.3
"26",2011,"T22","United StatesShaun Micheel",290.5,69.6,66.7,1.792,0,14,48,10,0,"-4",-4,22,72,65,15,94.8,-29.8
"27",2011,"T22","ArgentinaAngel Cabrera",308.5,66.1,58.3,1.667,1,17,40,13,1,"-4",-4,22,72,75.5,15,94.8,-19.3
"28",2011,"T22","South KoreaK.J. Choi",296.6,71.4,65.3,1.787,0,15,46,11,0,"-4",-4,22,72,66.5,15,94.8,-28.3
"29",2011,"T22","United StatesCharles Howell III",289.6,50,59.7,1.628,1,16,43,11,0,"-4",-4,22,71,76,15,94.8,-18.8
"30",2011,"T30","United StatesStewart Cink",282.8,73.2,77.8,1.839,0,13,50,8,1,"-3",-3,30,72,62,15,94.8,-32.8
"31",2011,"T30","United StatesBryce Molder",284.6,60.7,52.8,1.632,0,17,41,14,0,"-3",-3,30,72,67.5,15,94.8,-27.3
"32",2011,"T30","United StatesPat Perez",293.4,80.4,61.1,1.659,0,17,44,8,3,"-3",-3,30,72,69,15,94.8,-25.8
"33",2011,"T30","United StatesChris Riley",288,75,72.2,1.673,0,21,36,13,1,"-3",-3,30,71,76.5,15,94.8,-18.3
"34",2011,"T30","United StatesTroy Matteson",311.2,62.5,63.9,1.739,3,15,40,11,2,"-3",-3,30,71,84.5,15,94.8,-10.3
"35",2011,"T30","ColombiaCamilo Villegas",300.4,71.4,66.7,1.625,0,21,36,12,3,"-3",-3,30,72,75,15,94.8,-19.8
"36",2011,"T30","United StatesZack Miller",293.2,73.2,62.5,1.822,1,16,40,15,0,"-3",-3,30,72,71.5,15,94.8,-23.3
"37",2011,"T37","United StatesKevin Chappell",307.3,62.5,54.2,1.615,1,17,38,15,1,"-2",-2,37,72,71.5,15,94.8,-23.3
"38",2011,"T37","United StatesKyle Stanley",305.8,69.6,69.4,1.76,0,20,36,14,2,"-2",-2,37,72,71,15,94.8,-23.8
"39",2011,"T37","United StatesBlake Adams",293.8,64.3,61.1,1.682,0,16,43,12,1,"-2",-2,37,72,64.5,15,94.8,-30.3
"40",2011,"T37","FijiVijay Singh",290.8,71.4,61.1,1.705,1,16,42,10,3,"-2",-2,37,72,71,15,94.8,-23.8
"41",2011,"T37","United StatesDavis Love III",289.6,60.7,69.4,1.72,1,18,38,13,1,"-2",-2,37,71,75.5,15,94.8,-19.3
"42",2011,"T42","United StatesCharley Hoffman",305.3,69.6,65.3,1.766,1,16,41,11,3,"-1",-1,42,72,69,15,94.8,-25.8
"43",2011,"T42","United StatesBubba Watson",301.7,67.9,73.6,1.792,0,16,43,11,2,"-1",-1,42,72,63,15,94.8,-31.8
"44",2011,"T42","United StatesScott Piercy",295.2,46.4,58.3,1.69,1,14,43,13,1,"-1",-1,42,72,65,15,94.8,-29.8
"45",2011,"T45","United StatesBill Haas",302.7,75,65.3,1.766,0,16,42,12,2,"E",0,45,72,62,15,94.8,-32.8
"46",2011,"T45","JapanRyuji Imada",290.4,64.3,58.3,1.738,0,16,43,10,3,"E",0,45,72,62.5,15,94.8,-32.3
"47",2011,"T45","United StatesJ.J. Henry",291.6,69.6,68.1,1.755,1,13,47,7,4,"E",0,45,72,64,15,94.8,-30.8
"48",2011,"T45","AustraliaAaron Baddeley",307.3,55.4,55.6,1.775,0,15,44,11,2,"E",0,45,72,60.5,15,94.8,-34.3
"49",2011,"T45","United StatesJosh Teater",308.7,71.4,62.5,1.711,1,17,38,13,3,"E",0,45,72,69.5,15,94.8,-25.3
"50",2011,"T45","United StatesDrew Weaver",295.9,58.9,65.3,1.83,1,16,39,14,2,"E",0,45,72,67.5,15,94.8,-27.3
"51",2011,"T51","United StatesBrendan Steele",301.1,69.6,70.8,1.784,2,15,37,16,2,"1",1,51,72,69.5,15,94.8,-25.3
"52",2011,"T51","United StatesMatt Bettencourt",294.8,60.7,62.5,1.667,0,17,40,12,3,"1",1,51,72,62,15,94.8,-32.8
"53",2011,"T51","United StatesJason Bohn",296.6,69.6,65.3,1.745,0,16,42,11,3,"1",1,51,72,60.5,15,94.8,-34.3
"54",2011,"T51","United StatesChris Couch",297.8,60.7,55.6,1.75,0,16,41,13,2,"1",1,51,72,60,15,94.8,-34.8
"55",2011,"T51","United StatesJ.B. Holmes",328.3,62.5,66.7,1.75,0,21,33,15,2,"1",1,51,71,70,15,94.8,-24.8
"56",2011,"T51","United StatesChris DiMarco",285.2,64.3,56.9,1.61,0,18,39,12,2,"1",1,51,71,65.5,15,94.8,-29.3
"57",2011,"T51","AustraliaRod Pampling",292.5,69.6,58.3,1.786,1,13,45,10,3,"1",1,51,72,61.5,15,94.8,-33.3
"58",2011,"T51","United StatesRocco Mediate",285.4,66.1,68.1,1.776,0,12,50,8,1,"1",1,51,71,56,15,94.8,-38.8
"59",2011,"T51","IndiaArjun Atwal",273.7,62.5,66.7,1.813,0,14,45,12,0,"1",1,51,71,58.5,15,94.8,-36.3
"60",2011,"T51","AustraliaNick O'Hern",282.7,67.9,65.3,1.851,0,13,46,12,1,"1",1,51,72,55,15,94.8,-39.8
"61",2011,"61","South AfricaErnie Els",304.9,58.9,70.8,1.804,0,15,41,15,1,"2",2,61,72,57,15,94.8,-37.8
"62",2011,"62","AustraliaMarc Leishman",300.5,60.7,59.7,1.721,0,17,40,10,5,"3",3,62,72,61,15,94.8,-33.8
"63",2011,"T63","ItalyEdoardo Molinari",298.7,78.6,56.9,1.732,0,16,39,14,3,"4",4,63,72,57.5,15,94.8,-37.3
"64",2011,"T63","ZimbabweBrendon de Jonge",282.2,67.9,59.7,1.674,2,15,38,12,4,"4",4,63,71,70,15,94.8,-24.8
"65",2011,"T63","United StatesJohnson Wagner",289.3,67.9,62.5,1.733,0,12,46,12,2,"4",4,63,72,51,15,94.8,-43.8
"66",2011,"T63","United StatesDaniel Summerhays",285.1,66.1,52.8,1.763,2,8,48,12,2,"4",4,63,72,56,15,94.8,-38.8
"67",2011,"T63","SwedenRobert Karlsson",291.5,58.9,56.9,1.78,0,13,43,15,1,"4",4,63,72,52,15,94.8,-42.8
"68",2011,"T63","South KoreaCharlie Wi",288.3,66.1,51.4,1.568,1,16,35,19,0,"4",4,63,71,64,15,94.8,-30.8
"69",2011,"T63","United StatesChez Reavie",292.6,73.2,62.5,1.733,1,12,45,10,4,"4",4,63,72,57.5,15,94.8,-37.3
"70",2011,"70","United StatesDavid Duval",306.4,57.1,52.8,1.763,0,10,45,16,1,"8",8,70,72,43.5,15,94.8,-51.3
"71",2011,"T71","United StatesJustin Leonard",278.5,75,66.7,1.875,0,9,47,14,2,"9",9,71,72,41.5,15,94.8,-53.3
"72",2011,"T71","GermanyAlex Cejka",287.4,73.2,58.3,1.833,0,12,45,9,6,"9",9,71,72,48,15,94.8,-46.8
"73",2011,"T71","United StatesRobert Garrigus",321.1,58.9,61.1,1.75,0,17,38,11,4,"9",9,71,70,60.5,15,94.8,-34.3
"74",2012,"1","United StatesTiger Woods",287.1,76.8,73.6,1.755,0,19,45,6,2,"-9",-9,1,72,104.5,15,79.6333333333333,24.8666666666667
"75",2012,"T2","SlovakiaRory Sabbatini",275.9,64.3,65.3,1.681,1,16,44,11,0,"-7",-7,2,72,92.5,15,79.6333333333333,12.8666666666667
"76",2012,"T2","ArgentinaAndres Romero",291.1,71.4,68.1,1.633,2,20,37,10,2,"-7",-7,2,71,107.5,15,79.6333333333333,27.8666666666667
"77",2012,"T4","United StatesSpencer Levin",275.4,64.3,50,1.583,2,15,43,10,2,"-5",-5,4,72,91.5,15,79.6333333333333,11.8666666666667
"78",2012,"T4","United StatesDaniel Summerhays",278.8,64.3,63.9,1.717,1,17,43,8,3,"-5",-5,4,72,89.5,15,79.6333333333333,9.86666666666666
"79",2012,"T6","United StatesMatt Every",276.3,73.2,58.3,1.69,0,19,39,13,1,"-4",-4,6,72,81,15,79.6333333333333,1.36666666666666
"80",2012,"T6","United StatesJonathan Byrd",287.2,76.8,61.1,1.75,0,14,48,10,0,"-4",-4,6,72,73,15,79.6333333333333,-6.63333333333334
"81",2012,"8","EnglandJustin Rose",276,73.2,68.1,1.898,0,13,49,10,0,"-3",-3,8,72,67.5,15,79.6333333333333,-12.1333333333333
"82",2012,"T9","EnglandGreg Owen",289,76.8,68.1,1.755,0,18,38,16,0,"-2",-2,9,72,73,15,79.6333333333333,-6.63333333333334
"83",2012,"T9","AustraliaAaron Baddeley",284.5,53.6,56.9,1.732,0,15,46,9,2,"-2",-2,9,72,69.5,15,79.6333333333333,-10.1333333333333
"84",2012,"T9","JapanRyo Ishikawa",278.1,78.6,62.5,1.733,0,14,46,12,0,"-2",-2,9,72,67,15,79.6333333333333,-12.6333333333333
"85",2012,"12","EnglandLuke Donald",268.5,76.8,61.1,1.795,0,12,50,9,1,"-1",-1,12,72,61.5,15,79.6333333333333,-18.1333333333333
"86",2012,"T13","United StatesBo Van Pelt",282.4,80.4,65.3,1.745,0,14,44,14,0,"E",0,13,72,63,15,79.6333333333333,-16.6333333333333
"87",2012,"T13","United StatesJ.B. Holmes",308.4,62.5,63.9,1.826,0,13,47,11,1,"E",0,13,72,62,15,79.6333333333333,-17.6333333333333
"88",2012,"T13","United StatesJim Furyk",270.4,82.1,62.5,1.756,1,12,48,8,3,"E",0,13,72,67,15,79.6333333333333,-12.6333333333333
"89",2012,"T16","United StatesDavis Love III",289.4,71.4,52.8,1.711,0,14,43,15,0,"1",1,16,72,61,15,79.6333333333333,-18.6333333333333
"90",2012,"T16","FijiVijay Singh",279.1,80.4,65.3,1.809,0,15,43,12,2,"1",1,16,72,63.5,15,79.6333333333333,-16.1333333333333
"91",2012,"T16","United StatesKevin Stadler",287.4,75,68.1,1.796,0,13,47,10,2,"1",1,16,72,60.5,15,79.6333333333333,-19.1333333333333
"92",2012,"T19","United StatesHunter Mahan",282.1,73.2,70.8,1.804,0,12,48,10,2,"2",2,19,72,58,15,79.6333333333333,-21.6333333333333
"93",2012,"T19","South AfricaCharl Schwartzel",285.2,69.6,73.6,1.83,0,16,38,18,0,"2",2,19,72,63,15,79.6333333333333,-16.6333333333333
"94",2012,"T19","South KoreaK.J. Choi",273.9,83.9,55.6,1.675,0,15,42,13,2,"2",2,19,72,62.5,15,79.6333333333333,-17.1333333333333
"95",2012,"T19","United StatesJohn Huh",273.9,78.6,58.3,1.762,0,12,47,12,1,"2",2,19,72,57.5,15,79.6333333333333,-22.1333333333333
"96",2012,"T19","United StatesDustin Johnson",290.9,57.1,54.2,1.641,1,15,38,17,1,"2",2,19,72,67.5,15,79.6333333333333,-12.1333333333333
"97",2012,"T19","United StatesBlake Adams",275.3,78.6,63.9,1.761,0,15,45,7,5,"2",2,19,72,64,15,79.6333333333333,-15.6333333333333
"98",2012,"T25","United StatesChris Kirk",282,62.5,66.7,1.771,0,17,38,15,1,"3",3,25,71,65.5,15,79.6333333333333,-14.1333333333333
"99",2012,"T25","United StatesDavid Mathis",265.9,80.4,61.1,1.727,0,14,44,12,1,"3",3,25,71,61,15,79.6333333333333,-18.6333333333333
"100",2012,"T25","United StatesKyle Reifers",277.1,58.9,66.7,1.854,0,10,50,11,1,"3",3,25,72,52.5,15,79.6333333333333,-27.1333333333333
"101",2012,"T25","EnglandBrian Davis",265.3,83.9,62.5,1.844,0,9,52,10,1,"3",3,25,72,51,15,79.6333333333333,-28.6333333333333
"102",2012,"T25","BelgiumNicolas Colsaerts",307,66.1,58.3,1.571,1,18,34,16,2,"3",3,25,71,73,15,79.6333333333333,-6.63333333333334
"103",2012,"T25","United StatesScott Stallings",295.8,69.6,63.9,1.739,1,15,39,14,3,"3",3,25,72,66.5,15,79.6333333333333,-13.1333333333333
"104",2012,"T25","South AfricaBranden Grace",288.5,62.5,63.9,1.826,0,14,44,11,3,"3",3,25,72,59.5,15,79.6333333333333,-20.1333333333333
"105",2012,"T25","United StatesCameron Tringale",287.3,73.2,52.8,1.789,1,11,46,12,2,"3",3,25,72,60,15,79.6333333333333,-19.6333333333333
"106",2012,"T25","United StatesStewart Cink",275.9,66.1,59.7,1.791,0,11,49,10,2,"3",3,25,72,54.5,15,79.6333333333333,-25.1333333333333
"107",2012,"T25","South AfricaTrevor Immelman",277.7,60.7,56.9,1.659,0,14,44,11,3,"3",3,25,72,59.5,15,79.6333333333333,-20.1333333333333
"108",2012,"T25","CanadaDavid Hearn",267.6,78.6,66.7,1.833,0,12,46,13,1,"3",3,25,72,55.5,15,79.6333333333333,-24.1333333333333
"109",2012,"T25","United StatesRicky Barnes",284.2,64.3,62.5,1.711,0,20,33,16,2,"3",3,25,71,70.5,15,79.6333333333333,-9.13333333333334
"110",2012,"T25","United StatesPat Perez",274.3,71.4,61.1,1.818,0,11,48,12,1,"3",3,25,72,54,15,79.6333333333333,-25.6333333333333
"111",2012,"T38","United StatesErik Compton",287.4,69.6,63.9,1.826,0,15,39,17,1,"4",4,38,72,57,15,79.6333333333333,-22.6333333333333
"112",2012,"T38","United StatesRyan Moore",263.6,69.6,56.9,1.707,0,14,44,10,4,"4",4,38,72,57,15,79.6333333333333,-22.6333333333333
"113",2012,"T38","United StatesTroy Matteson",286.5,69.6,61.1,1.773,0,14,42,14,2,"4",4,38,72,56,15,79.6333333333333,-23.6333333333333
"114",2012,"T38","AustraliaGreg Chalmers",262.8,62.5,61.1,1.909,0,10,50,10,2,"4",4,38,72,50,15,79.6333333333333,-29.6333333333333
"115",2012,"T38","AustraliaNick O'Hern",258.6,67.9,61.1,1.773,0,11,48,11,2,"4",4,38,72,51.5,15,79.6333333333333,-28.1333333333333
"116",2012,"T38","United StatesJohnson Wagner",274.8,69.6,62.5,1.756,1,13,43,11,4,"4",4,38,72,61,15,79.6333333333333,-18.6333333333333
"117",2012,"T38","ZimbabweBrendon de Jonge",272.1,62.5,61.1,1.795,1,11,44,15,1,"4",4,38,72,56.5,15,79.6333333333333,-23.1333333333333
"118",2012,"T38","United StatesJeff Overton",276.3,69.6,54.2,1.744,0,15,38,19,0,"4",4,38,72,56.5,15,79.6333333333333,-23.1333333333333
"119",2012,"T46","AustraliaRod Pampling",274.4,67.9,56.9,1.78,0,11,45,16,0,"5",5,46,72,48.5,15,79.6333333333333,-31.1333333333333
"120",2012,"T46","AustraliaAdam Scott",282.1,76.8,65.3,1.809,0,14,43,12,2,"5",5,46,71,56.5,15,79.6333333333333,-23.1333333333333
"121",2012,"T46","United StatesLucas Glover",278.5,71.4,62.5,1.711,0,17,36,17,1,"5",5,46,71,60.5,15,79.6333333333333,-19.1333333333333
"122",2012,"T46","SwedenHenrik Stenson",277,78.6,56.9,1.78,1,14,37,19,1,"5",5,46,72,59,15,79.6333333333333,-20.6333333333333
"123",2012,"T50","United StatesSteve Stricker",271.8,71.4,58.3,1.81,0,13,42,16,0,"6",6,50,71,53,15,79.6333333333333,-26.6333333333333
"124",2012,"T50","United StatesFred Couples",276.2,66.1,58.3,1.786,0,12,43,16,1,"6",6,50,72,49.5,15,79.6333333333333,-30.1333333333333
"125",2012,"T52","South KoreaCharlie Wi",275.3,64.3,54.2,1.795,0,15,38,16,3,"7",7,52,72,53,15,79.6333333333333,-26.6333333333333
"126",2012,"T52","United StatesRickie Fowler",286.4,75,51.4,1.703,1,12,41,15,3,"7",7,52,72,54,15,79.6333333333333,-25.6333333333333
"127",2012,"T52","South KoreaSeung-Yul Noh",287.8,75,55.6,1.85,0,9,48,14,1,"7",7,52,72,43,15,79.6333333333333,-36.6333333333333
"128",2012,"T52","United StatesBud Cauley",276.4,64.3,63.9,1.891,0,10,47,14,0,"7",7,52,71,46.5,15,79.6333333333333,-33.1333333333333
"129",2012,"T56","VenezuelaJhonattan Vegas",295.2,55.4,55.6,1.9,0,11,42,19,0,"8",8,56,72,44.5,15,79.6333333333333,-35.1333333333333
"130",2012,"T56","AustraliaRobert Allenby",276.3,78.6,65.3,1.851,0,10,46,14,2,"8",8,56,72,44,15,79.6333333333333,-35.6333333333333
"131",2012,"T58","United StatesChris DiMarco",265.5,75,48.6,1.686,0,14,38,17,3,"9",9,58,72,49.5,15,79.6333333333333,-30.1333333333333
"132",2012,"T58","South AfricaErnie Els",276.2,71.4,56.9,1.805,0,12,42,15,3,"9",9,58,72,46.5,15,79.6333333333333,-33.1333333333333
"133",2012,"T58","AustraliaGeoff Ogilvy",275.6,71.4,54.2,1.897,0,11,44,15,1,"9",9,58,71,46.5,15,79.6333333333333,-33.1333333333333
"134",2012,"T58","AustraliaMarc Leishman",278.6,66.1,56.9,1.805,0,11,44,14,3,"9",9,58,72,45,15,79.6333333333333,-34.6333333333333
"135",2012,"T62","United StatesBrendan Steele",280.2,64.3,58.3,1.905,0,13,40,17,1,"10",10,62,71,49.5,15,79.6333333333333,-30.1333333333333
"136",2012,"T62","United StatesHarris English",275.2,75,62.5,1.933,1,6,49,14,2,"10",10,62,72,41.5,15,79.6333333333333,-38.1333333333333
"137",2012,"T62","JapanRyuji Imada",255.6,71.4,45.8,1.667,0,11,43,15,3,"10",10,62,72,44,15,79.6333333333333,-35.6333333333333
"138",2012,"T62","United StatesJimmy Walker",281.1,62.5,58.3,1.714,1,15,39,11,3,"10",10,62,69,64,15,79.6333333333333,-15.6333333333333
"139",2012,"T66","United StatesMark Wilson",264.2,80.4,55.6,1.85,0,7,49,14,2,"11",11,66,72,36.5,15,79.6333333333333,-43.1333333333333
"140",2012,"T66","United StatesBrandt Jobe",294.2,69.6,63.9,1.783,0,11,44,13,3,"11",11,66,71,45.5,15,79.6333333333333,-34.1333333333333
"141",2012,"68","United StatesScott Piercy",295.3,58.9,61.1,1.864,0,13,39,15,5,"12",12,68,72,46,15,79.6333333333333,-33.6333333333333
"142",2012,"69","United StatesBen Crane",278.4,76.8,58.3,1.81,0,12,41,14,4,"13",13,69,71,45.5,15,79.6333333333333,-34.1333333333333
"143",2012,"T70","United StatesRobert Garrigus",295.8,55.4,54.2,1.795,0,13,39,14,4,"15",15,70,70,47.5,15,79.6333333333333,-32.1333333333333
"144",2012,"T70","ColombiaCamilo Villegas",280.1,73.2,54.2,1.769,0,9,47,13,1,"15",15,70,70,43,15,79.6333333333333,-36.6333333333333
"145",2013,"1","United StatesMatt Kuchar",283.3,69.6,75,1.741,0,20,44,8,0,"-12",-12,1,72,108,15,83.9333333333333,24.0666666666667
"146",2013,"2","United StatesKevin Chappell",293.5,71.4,61.1,1.795,2,15,46,9,0,"-10",-10,2,72,99.5,15,83.9333333333333,15.5666666666667
"147",2013,"3","United StatesKyle Stanley",295.9,67.9,69.4,1.74,1,17,43,10,1,"-7",-7,3,72,92.5,15,83.9333333333333,8.56666666666666
"148",2013,"T4","United StatesScott Stallings",280,67.9,65.3,1.532,2,22,32,13,2,"-6",-6,4,71,105.5,15,83.9333333333333,21.5666666666667
"149",2013,"T4","United StatesBill Haas",285.3,75,66.7,1.708,1,17,41,13,0,"-6",-6,4,72,89,15,83.9333333333333,5.06666666666666
"150",2013,"T6","AustraliaMatt Jones",280.3,82.1,69.4,1.74,0,16,46,9,1,"-5",-5,6,72,77.5,15,83.9333333333333,-6.43333333333334
"151",2013,"T6","United StatesRussell Henley",285.1,78.6,73.6,1.83,0,18,41,13,0,"-5",-5,6,72,80,15,83.9333333333333,-3.93333333333334
"152",2013,"T8","United StatesMichael Thompson",278.6,71.4,68.1,1.694,1,15,45,9,2,"-4",-4,8,72,78,15,83.9333333333333,-5.93333333333334
"153",2013,"T8","South AfricaCharl Schwartzel",288.8,76.8,70.8,1.745,1,19,39,9,4,"-4",-4,8,72,85,15,83.9333333333333,1.06666666666666
"154",2013,"T8","EnglandBrian Davis",268.6,67.9,62.5,1.622,0,18,40,14,0,"-4",-4,8,72,76,15,83.9333333333333,-7.93333333333334
"155",2013,"T8","EnglandJustin Rose",283.9,82.1,69.4,1.84,1,13,47,11,0,"-4",-4,8,72,74,15,83.9333333333333,-9.93333333333334
"156",2013,"T8","United StatesPat Perez",284,71.4,70.8,1.765,0,15,47,9,1,"-4",-4,8,72,72,15,83.9333333333333,-11.9333333333333
"157",2013,"T13","AustraliaAdam Scott",286.2,66.1,69.4,1.66,0,20,38,11,3,"-3",-3,13,72,76.5,15,83.9333333333333,-7.43333333333334
"158",2013,"T13","United StatesRyan Moore",275.9,96.4,65.3,1.766,0,15,45,12,0,"-3",-3,13,72,67.5,15,83.9333333333333,-16.4333333333333
"159",2013,"T13","United StatesJames Driscoll",284.7,67.9,72.2,1.712,0,18,42,9,3,"-3",-3,13,72,73.5,15,83.9333333333333,-10.4333333333333
"160",2013,"T16","United StatesKen Duke",271.5,73.2,68.1,1.735,1,15,41,15,0,"-2",-2,16,72,71,15,83.9333333333333,-12.9333333333333
"161",2013,"T16","United StatesHunter Mahan",289.6,71.4,63.9,1.804,0,14,47,10,1,"-2",-2,16,72,64.5,15,83.9333333333333,-19.4333333333333
"162",2013,"T16","United StatesScott Piercy",294,62.5,70.8,1.804,0,14,47,10,1,"-2",-2,16,72,64.5,15,83.9333333333333,-19.4333333333333
"163",2013,"T16","United StatesCameron Tringale",280.5,66.1,72.2,1.75,0,16,44,10,2,"-2",-2,16,72,68,15,83.9333333333333,-15.9333333333333
"164",2013,"T16","United StatesGary Woodland",285.7,58.9,59.7,1.744,0,14,48,8,2,"-2",-2,16,72,65,15,83.9333333333333,-18.9333333333333
"165",2013,"T21","CanadaGraham DeLaet",292.6,75,70.8,1.784,0,16,44,9,3,"-1",-1,21,72,66.5,15,83.9333333333333,-17.4333333333333
"166",2013,"T21","United StatesRoberto Castro",276.6,87.5,68.1,1.816,0,12,49,11,0,"-1",-1,21,72,59,15,83.9333333333333,-24.9333333333333
"167",2013,"T21","United StatesBo Van Pelt",275.9,76.8,68.1,1.755,1,13,44,14,0,"-1",-1,21,72,66,15,83.9333333333333,-17.9333333333333
"168",2013,"T21","CanadaDavid Hearn",269.5,64.3,70.8,1.725,0,16,44,9,3,"-1",-1,21,72,66.5,15,83.9333333333333,-17.4333333333333
"169",2013,"T21","United StatesJim Furyk",270.5,89.3,70.8,1.863,0,13,47,12,0,"-1",-1,21,72,60.5,15,83.9333333333333,-23.4333333333333
"170",2013,"T21","South KoreaK.J. Choi",277.3,71.4,63.9,1.783,0,16,42,13,1,"-1",-1,21,72,65.5,15,83.9333333333333,-18.4333333333333
"171",2013,"T21","United StatesCharles Howell III",276.4,66.1,63.9,1.696,1,13,45,12,1,"-1",-1,21,72,66.5,15,83.9333333333333,-17.4333333333333
"172",2013,"T21","EnglandLuke Donald",271.9,75,66.7,1.625,0,20,35,15,2,"-1",-1,21,72,72,15,83.9333333333333,-11.9333333333333
"173",2013,"T29","United StatesDavis Love III",286.5,75,62.5,1.8,0,12,49,10,1,"E",0,29,72,57.5,15,83.9333333333333,-26.4333333333333
"174",2013,"T29","United StatesJ.J. Henry",275.6,83.9,63.9,1.804,2,10,46,14,0,"E",0,29,72,65,15,83.9333333333333,-18.9333333333333
"175",2013,"T29","United StatesBubba Watson",297.2,75,68.1,1.816,0,17,40,13,2,"E",0,29,72,65.5,15,83.9333333333333,-18.4333333333333
"176",2013,"T29","SwedenCarl Pettersson",285.8,66.1,65.3,1.745,0,14,46,10,2,"E",0,29,72,61,15,83.9333333333333,-22.9333333333333
"177",2013,"T29","United StatesStewart Cink",281.8,66.1,66.7,1.792,0,16,40,16,0,"E",0,29,72,63,15,83.9333333333333,-20.9333333333333
"178",2013,"T34","SwedenRobert Karlsson",273.6,75,66.7,1.792,0,14,46,9,3,"1",1,34,72,59.5,15,83.9333333333333,-24.4333333333333
"179",2013,"T34","United StatesJustin Leonard",263.5,69.6,54.2,1.59,0,18,37,15,2,"1",1,34,72,65,15,83.9333333333333,-18.9333333333333
"180",2013,"T34","United StatesBud Cauley",276.3,66.1,61.1,1.705,0,16,42,11,3,"1",1,34,72,62.5,15,83.9333333333333,-21.4333333333333
"181",2013,"T37","South AfricaTrevor Immelman",279,69.6,70.8,1.882,0,10,51,10,1,"2",2,37,72,51.5,15,83.9333333333333,-32.4333333333333
"182",2013,"T37","South AfricaErnie Els",284.2,66.1,61.1,1.886,0,10,50,12,0,"2",2,37,72,51,15,83.9333333333333,-32.9333333333333
"183",2013,"T37","United StatesRickie Fowler",287.3,53.6,59.7,1.651,0,15,42,13,2,"2",2,37,72,59.5,15,83.9333333333333,-24.4333333333333
"184",2013,"T37","United StatesWilliam McGirt",267.7,82.1,68.1,1.816,0,11,50,10,0,"2",2,37,71,55,15,83.9333333333333,-28.9333333333333
"185",2013,"T41","United StatesBen Curtis",274.8,69.6,63.9,1.783,0,14,42,15,1,"3",3,41,72,55.5,15,83.9333333333333,-28.4333333333333
"186",2013,"T41","United StatesGeorge McNeill",274.1,76.8,59.7,1.791,0,13,44,14,1,"3",3,41,72,54,15,83.9333333333333,-29.9333333333333
"187",2013,"T41","United StatesRichard H. Lee",278.9,64.3,55.6,1.825,0,12,46,13,1,"3",3,41,72,52.5,15,83.9333333333333,-31.4333333333333
"188",2013,"T41","United StatesBrandt Jobe",287.8,67.9,63.9,1.761,0,13,48,8,1,"3",3,41,70,59,15,83.9333333333333,-24.9333333333333
"189",2013,"T41","SwedenHenrik Stenson",284.9,75,63.9,1.848,2,11,43,14,2,"3",3,41,72,62.5,15,83.9333333333333,-21.4333333333333
"190",2013,"T41","ColombiaCamilo Villegas",290.6,67.9,55.6,1.775,1,12,43,15,1,"3",3,41,72,58,15,83.9333333333333,-25.9333333333333
"191",2013,"T41","United StatesBilly Horschel",293.8,80.4,56.9,1.659,0,20,31,19,2,"3",3,41,72,65,15,83.9333333333333,-18.9333333333333
"192",2013,"T41","AustraliaJason Day",297.8,66.1,51.4,1.676,0,14,43,13,2,"3",3,41,72,56,15,83.9333333333333,-27.9333333333333
"193",2013,"T41","AustraliaMarc Leishman",280.5,67.9,63.9,1.848,0,10,49,13,0,"3",3,41,72,49,15,83.9333333333333,-34.9333333333333
"194",2013,"T50","United StatesFred Couples",289.1,66.1,59.7,1.767,0,13,45,11,3,"4",4,50,72,54,15,83.9333333333333,-29.9333333333333
"195",2013,"T50","United StatesLuke Guthrie",274.8,78.6,65.3,1.745,0,15,41,13,3,"4",4,50,72,57,15,83.9333333333333,-26.9333333333333
"196",2013,"T50","United StatesKeegan Bradley",303.8,67.9,54.2,1.692,1,14,39,16,2,"4",4,50,72,60.5,15,83.9333333333333,-23.4333333333333
"197",2013,"T53","United StatesChris Stroud",262.2,73.2,68.1,1.776,0,15,42,11,3,"5",5,53,71,57.5,15,83.9333333333333,-26.4333333333333
"198",2013,"T53","AustraliaRobert Allenby",286.8,71.4,56.9,1.805,0,9,51,10,2,"5",5,53,72,45.5,15,83.9333333333333,-38.4333333333333
"199",2013,"T53","CanadaMike Weir",270.2,69.6,61.1,1.818,0,12,45,14,0,"5",5,53,71,51.5,15,83.9333333333333,-32.4333333333333
"200",2013,"T53","ScotlandMartin Laird",292.9,62.5,66.7,1.854,1,9,48,12,2,"5",5,53,72,51,15,83.9333333333333,-32.9333333333333
"201",2013,"T57","Northern IrelandRory McIlroy",292.8,60.7,63.9,1.87,0,12,44,14,2,"6",6,57,72,49,15,83.9333333333333,-34.9333333333333
"202",2013,"T57","JapanRyo Ishikawa",284,53.6,68.1,1.837,0,12,45,13,1,"6",6,57,71,51,15,83.9333333333333,-32.9333333333333
"203",2013,"T57","United StatesDerek Ernst",288.1,69.6,63.9,1.783,0,15,40,15,1,"6",6,57,71,56.5,15,83.9333333333333,-27.4333333333333
"204",2013,"T57","SwedenDavid Lingmerth",282.9,78.6,55.6,1.7,0,16,39,13,3,"6",6,57,71,58,15,83.9333333333333,-25.9333333333333
"205",2013,"T57","United StatesJosh Teater",287.8,71.4,63.9,1.891,0,12,44,14,2,"6",6,57,72,49,15,83.9333333333333,-34.9333333333333
"206",2013,"T57","AustraliaJohn Senden",283.8,64.3,56.9,1.756,0,13,41,17,1,"6",6,57,72,50,15,83.9333333333333,-33.9333333333333
"207",2013,"T63","United StatesCharley Hoffman",286.5,58.9,63.9,1.761,0,15,38,16,3,"7",7,63,72,53,15,83.9333333333333,-30.9333333333333
"208",2013,"T63","United StatesJordan Spieth",279.8,78.6,55.6,1.775,1,13,39,16,3,"7",7,63,72,55.5,15,83.9333333333333,-28.4333333333333
"209",2013,"T65","South AfricaGeorge Coetzee",290.1,69.6,54.2,1.872,0,11,46,12,2,"8",8,65,71,48,15,83.9333333333333,-35.9333333333333
"210",2013,"T65","United StatesTiger Woods",288.6,82.1,62.5,1.711,0,15,41,11,3,"8",8,65,70,57,15,83.9333333333333,-26.9333333333333
"211",2013,"T65","South KoreaCharlie Wi",275.7,71.4,54.2,1.744,0,13,44,11,3,"8",8,65,71,52.5,15,83.9333333333333,-31.4333333333333
"212",2013,"68","SpainGonzalo Fernández-Castaño",284.1,69.6,52.8,1.711,0,15,36,18,3,"9",9,68,72,51,15,83.9333333333333,-32.9333333333333
"213",2013,"T69","United StatesTom Gillis",280.2,75,62.5,1.911,0,11,42,18,0,"11",11,69,71,45,15,83.9333333333333,-38.9333333333333
"214",2013,"T69","ArgentinaFabian Gomez",281.7,58.9,59.7,1.791,0,15,36,16,5,"11",11,69,72,50,15,83.9333333333333,-33.9333333333333
"215",2013,"71","United StatesZach Johnson",276.2,78.6,56.9,1.805,0,13,34,24,1,"13",13,71,72,43,15,83.9333333333333,-40.9333333333333
"216",2013,"72","United StatesJustin Hicks",274.1,76.8,50,1.694,0,15,32,21,3,"15",15,72,71,47.5,15,83.9333333333333,-36.4333333333333
"217",2013,"73","United StatesJimmy Walker",294.2,51.8,50,1.833,0,8,46,16,0,"16",16,73,70,39,15,83.9333333333333,-44.9333333333333
"218",2014,"1","JapanHideki Matsuyama",303.8,78.6,66.7,1.667,0,16,32,6,0,"-13",-13,1,54,91,15,72.9,18.1
"219",2014,"2","United StatesKevin Na",282.9,71.4,64.8,1.771,1,11,35,6,1,"-13",-13,2,54,74.5,15,72.9,1.59999999999999
"220",2014,"3","United StatesBubba Watson",309.5,73.8,72.2,1.59,2,18,24,10,0,"-12",-12,3,54,95,15,72.9,22.1
"221",2014,"T4","AustraliaAdam Scott",308.5,83.3,66.7,1.667,1,14,33,5,1,"-10",-10,4,54,79,15,72.9,6.09999999999999
"222",2014,"T4","United StatesChris Kirk",300,78.6,63,1.588,0,16,29,8,1,"-10",-10,4,54,73.5,15,72.9,0.599999999999994
"223",2014,"T6","United StatesSteve Stricker",292.3,76.2,66.7,1.722,1,11,34,8,0,"-9",-9,6,54,66,15,72.9,-6.90000000000001
"224",2014,"T6","United StatesBen Curtis",276.4,81,70.4,1.789,0,11,39,4,0,"-9",-9,6,54,62.5,15,72.9,-10.4
"225",2014,"T8","South AfricaCharl Schwartzel",302,57.1,74.1,1.675,0,19,24,11,0,"-8",-8,8,54,72.5,15,72.9,-0.400000000000006
"226",2014,"T8","United StatesBill Haas",304.9,69.1,66.7,1.722,0,12,34,8,0,"-8",-8,8,54,58,15,72.9,-14.9
"227",2014,"T8","United StatesBrendon Todd",278.5,78.6,61.1,1.667,0,13,36,5,0,"-8",-8,8,54,63.5,15,72.9,-9.40000000000001
"228",2014,"T8","DenmarkThorbjørn Olesen",293.2,81,59.3,1.688,0,14,30,10,0,"-8",-8,8,54,61,15,72.9,-11.9
"229",2014,"T8","United StatesLuke Guthrie",288.9,71.4,64.8,1.686,0,16,30,6,2,"-8",-8,8,54,67,15,72.9,-5.90000000000001
"230",2014,"T13","United StatesScott Brown",296.7,69.1,63,1.676,1,12,33,8,0,"-7",-7,13,54,62.5,15,72.9,-10.4
"231",2014,"T13","EnglandPaul Casey",294.3,73.8,68.5,1.676,2,14,29,8,1,"-7",-7,13,54,73.5,15,72.9,0.599999999999994
"232",2014,"T15","United StatesMatt Kuchar",284.9,78.6,72.2,1.667,1,13,31,7,2,"-6",-6,15,54,63,15,72.9,-9.90000000000001
"233",2014,"T15","United StatesBilly Horschel",290.2,71.4,72.2,1.769,0,14,35,4,1,"-6",-6,15,54,62.5,15,72.9,-10.4
"234",2014,"T15","United StatesJason Allred",287.1,66.7,59.3,1.625,0,13,29,11,1,"-6",-6,15,54,53,15,72.9,-19.9
"235",2014,"T15","Northern IrelandRory McIlroy",307,52.4,59.3,1.469,3,14,27,6,4,"-6",-6,15,54,78.5,15,72.9,5.59999999999999
"236",2014,"T19","United StatesJordan Spieth",289.6,71.4,66.7,1.694,0,15,32,7,0,"-5",-5,19,54,62.5,15,72.9,-10.4
"237",2014,"T19","United StatesRyan Moore",286,71.4,66.7,1.722,0,14,32,8,0,"-5",-5,19,54,59,15,72.9,-13.9
"238",2014,"T19","United StatesAndrew Svoboda",285.8,78.6,64.8,1.686,1,11,36,6,0,"-5",-5,19,54,61,15,72.9,-11.9
"239",2014,"T19","United StatesMartin Flores",307.2,61.9,70.4,1.711,0,13,33,7,1,"-5",-5,19,54,56,15,72.9,-16.9
"240",2014,"T19","United StatesCharley Hoffman",312.2,45.2,64.8,1.629,0,15,28,9,2,"-5",-5,19,54,57.5,15,72.9,-15.4
"241",2014,"T19","United StatesJason Dufner",284.2,69.1,64.8,1.714,1,13,30,10,0,"-5",-5,19,54,62,15,72.9,-10.9
"242",2014,"T19","South AfricaErnie Els",302,61.9,64.8,1.743,1,10,36,7,0,"-5",-5,19,54,57.5,15,72.9,-15.4
"243",2014,"T19","United StatesJim Furyk",282.7,64.3,63,1.824,0,8,42,3,1,"-5",-5,19,54,47.5,15,72.9,-25.4
"244",2014,"T19","United StatesBo Van Pelt",285,78.6,70.4,1.711,0,13,36,3,2,"-5",-5,19,54,58.5,15,72.9,-14.4
"245",2014,"T28","South KoreaK.J. Choi",273.4,66.7,53.7,1.655,1,11,30,11,1,"-4",-4,28,54,52.5,15,72.9,-20.4
"246",2014,"T28","United StatesKevin Stadler",301.5,69.1,72.2,1.846,1,11,34,8,0,"-4",-4,28,54,57,15,72.9,-15.9
"247",2014,"T28","CanadaDavid Hearn",275.3,66.7,64.8,1.714,0,13,32,8,1,"-4",-4,28,54,53,15,72.9,-19.9
"248",2014,"T28","United StatesHunter Mahan",306,73.8,74.1,1.775,0,13,34,6,1,"-4",-4,28,54,55,15,72.9,-17.9
"249",2014,"T28","United StatesRobert Garrigus",308.9,66.7,68.5,1.676,0,15,28,11,0,"-4",-4,28,54,56.5,15,72.9,-16.4
"250",2014,"T28","United StatesScott Langley",275.8,69.1,72.2,1.641,1,13,36,4,0,"-4",-4,28,54,66,15,72.9,-6.90000000000001
"251",2014,"T28","United StatesDaniel Summerhays",285.7,83.3,70.4,1.711,1,12,31,10,0,"-4",-4,28,54,57.5,15,72.9,-15.4
"252",2014,"T28","ZimbabweBrendon de Jonge",288.6,81,66.7,1.722,0,14,32,7,1,"-4",-4,28,54,56.5,15,72.9,-16.4
"253",2014,"T28","United StatesRobert Streb",293.7,66.7,68.5,1.649,0,18,27,8,1,"-4",-4,28,54,65.5,15,72.9,-7.40000000000001
"254",2014,"T37","AustraliaMarc Leishman",299.7,64.3,63,1.794,2,11,30,11,0,"-3",-3,37,54,60.5,15,72.9,-12.4
"255",2014,"T37","United StatesMichael Thompson",302.6,61.9,66.7,1.75,0,13,32,6,3,"-3",-3,37,54,51,15,72.9,-21.9
"256",2014,"T37","United StatesJustin Thomas",305.8,76.2,57.4,1.581,2,11,30,10,1,"-3",-3,37,54,60,15,72.9,-12.9
"257",2014,"T37","United StatesCameron Tringale",286.6,64.3,61.1,1.636,1,13,30,8,2,"-3",-3,37,54,58,15,72.9,-14.9
"258",2014,"T37","United StatesKeegan Bradley",308.2,73.8,74.1,1.85,0,11,38,3,2,"-3",-3,37,54,50.5,15,72.9,-22.4
"259",2014,"T37","ColombiaCamilo Villegas",299.8,61.9,70.4,1.658,0,15,30,8,1,"-3",-3,37,54,57,15,72.9,-15.9
"260",2014,"T37","United StatesBilly Hurley III",270.2,90.5,68.5,1.811,0,7,40,6,1,"-3",-3,37,54,39,15,72.9,-33.9
"261",2014,"T37","AustraliaJason Day",318.2,66.7,64.8,1.8,0,11,38,4,1,"-3",-3,37,54,51,15,72.9,-21.9
"262",2014,"T37","AustraliaAaron Baddeley",280.3,61.9,61.1,1.394,0,21,18,12,3,"-3",-3,37,54,65,15,72.9,-7.90000000000001
"263",2014,"T46","United StatesJustin Hicks",288.1,88.1,68.5,1.649,0,15,31,6,2,"-2",-2,46,54,56.5,15,72.9,-16.4
"264",2014,"T46","United StatesDustin Johnson",326.7,66.7,68.5,1.73,1,10,34,9,0,"-2",-2,46,54,51.5,15,72.9,-21.4
"265",2014,"T46","United StatesKevin Kisner",300.4,61.9,48.2,1.654,0,13,27,14,0,"-2",-2,46,54,46.5,15,72.9,-26.4
"266",2014,"T49","United StatesBen Martin",299.6,61.9,72.2,1.718,0,16,32,4,1,"-1",-1,49,53,62,15,72.9,-10.9
"267",2014,"T49","SwedenDavid Lingmerth",298.4,76.2,57.4,1.677,1,13,28,11,1,"-1",-1,49,54,55.5,15,72.9,-17.4
"268",2014,"T49","United StatesStewart Cink",293.7,64.3,63,1.735,1,10,32,10,1,"-1",-1,49,54,49,15,72.9,-23.9
"269",2014,"T49","SwedenFreddie Jacobson",290.2,57.1,57.4,1.581,0,16,28,7,3,"-1",-1,49,54,56.5,15,72.9,-16.4
"270",2014,"T49","EnglandLuke Donald",277.4,61.9,63,1.618,0,13,32,8,1,"-1",-1,49,54,51,15,72.9,-21.9
"271",2014,"T49","United StatesPhil Mickelson",296.2,71.4,64.8,1.714,0,13,32,7,2,"-1",-1,49,54,50.5,15,72.9,-22.4
"272",2014,"T55","United StatesMichael Putnam",303.3,69.1,75.9,1.902,0,8,37,9,0,"E",0,55,54,38,15,72.9,-34.9
"273",2014,"T55","United StatesNick Watney",310.3,76.2,57.4,1.71,0,12,34,7,0,"E",0,55,53,49.5,15,72.9,-23.4
"274",2014,"T57","United StatesCharles Howell III",302.3,52.4,63,1.559,2,13,27,8,4,"1",1,57,54,60.5,15,72.9,-12.4
"275",2014,"T57","United StatesJustin Leonard",265,69.1,61.1,1.606,0,13,33,8,0,"1",1,57,54,51.5,15,72.9,-21.4
"276",2014,"T57","JapanRyo Ishikawa",301.6,59.5,63,1.588,2,13,27,9,3,"1",1,57,54,61,15,72.9,-11.9
"277",2014,"T57","United StatesGary Woodland",305.4,69.1,70.4,1.763,1,11,35,3,4,"1",1,57,54,53,15,72.9,-19.9
"278",2014,"T57","United StatesRichard H. Lee",284.8,64.3,44.4,1.5,0,14,25,12,3,"1",1,57,54,45.5,15,72.9,-27.4
"279",2014,"T62","ThailandKiradech Aphibarnrat",301.6,71.4,68.5,1.757,0,17,24,11,2,"2",2,62,54,55.5,15,72.9,-17.4
"280",2014,"T62","United StatesJohn Huh",287.3,76.2,63,1.794,1,9,33,9,2,"2",2,62,54,45,15,72.9,-27.9
"281",2014,"T62","SwedenCarl Pettersson",295.3,73.8,57.4,1.774,1,8,34,11,0,"2",2,62,54,43.5,15,72.9,-29.4
"282",2014,"T65","United StatesJosh Teater",307.3,59.5,61.1,1.788,0,11,30,12,1,"3",3,65,54,41,15,72.9,-31.9
"283",2014,"T65","United StatesScott Stallings",302,64.3,53.7,1.724,0,10,34,6,4,"3",3,65,54,40,15,72.9,-32.9
"284",2014,"T65","South KoreaHyung-Sung Kim",285.2,78.6,61.1,1.818,0,12,29,12,1,"3",3,65,54,43.5,15,72.9,-29.4
"285",2014,"T65","MexicoCarlos Ortiz",294.5,61.9,57.4,1.774,0,8,37,7,2,"3",3,65,54,37,15,72.9,-35.9
"286",2014,"T69","United StatesChris Stroud",285.7,81,63,1.735,0,12,31,10,1,"4",4,69,54,45.5,15,72.9,-27.4
"287",2014,"T69","United StatesLucas Glover",305,71.4,59.3,1.688,1,13,27,10,2,"4",4,69,53,53.5,15,72.9,-19.4
"288",2014,"T69","United StatesPat Perez",290.8,61.9,64.8,1.857,1,5,40,7,1,"4",4,69,54,38.5,15,72.9,-34.4
"289",2014,"T72","United StatesMark Wilson",283.4,90.5,64.8,1.886,0,10,35,8,0,"5",5,72,53,43.5,15,72.9,-29.4
"290",2014,"T72","AustraliaGreg Chalmers",287.9,66.7,57.4,1.774,0,10,32,12,0,"5",5,72,54,40,15,72.9,-32.9
"291",2014,"74","United StatesKyle Stanley",310.8,64.3,70.4,1.895,1,8,30,14,1,"10",10,74,54,39,15,72.9,-33.9
"292",2014,"T75","SpainGonzalo Fernández-Castaño",297.2,52.4,53.7,1.724,0,10,31,10,3,"11",11,75,54,37.5,15,72.9,-35.4
"293",2014,"T75","United StatesJ.B. Holmes",314.9,57.1,53.7,1.586,0,13,25,12,4,"11",11,75,54,41.5,15,72.9,-31.4
"294",2015,"1","SwedenDavid Lingmerth",283,81,66.7,1.556,1,17,30,5,1,"-15",-15,1,54,100.5,15,76.9,23.6
"295",2015,"2","EnglandJustin Rose",302.1,71.4,68.5,1.514,0,20,30,3,1,"-15",-15,2,54,92.5,15,76.9,15.6
"296",2015,"T3","ItalyFrancesco Molinari",276.7,88.1,79.6,1.651,0,16,34,4,0,"-13",-13,3,54,81,15,76.9,4.09999999999999
"297",2015,"T3","United StatesJordan Spieth",294.6,71.4,61.1,1.667,1,11,37,3,2,"-13",-13,3,54,74,15,76.9,-2.90000000000001
"298",2015,"T5","JapanHideki Matsuyama",299.6,78.6,63,1.588,0,15,34,5,0,"-12",-12,5,54,73.5,15,76.9,-3.40000000000001
"299",2015,"T5","AustraliaMarc Leishman",301.7,76.2,68.5,1.622,0,17,29,8,0,"-12",-12,5,54,75.5,15,76.9,-1.40000000000001
"300",2015,"T5","United StatesJim Furyk",279.8,83.3,77.8,1.69,0,16,33,5,0,"-12",-12,5,54,76,15,76.9,-0.900000000000006
"301",2015,"T8","United StatesTony Finau",311,71.4,66.7,1.722,1,13,31,9,0,"-11",-11,8,54,67,15,76.9,-9.90000000000001
"302",2015,"T8","United StatesKevin Kisner",290.5,90.5,70.4,1.658,0,16,32,5,1,"-11",-11,8,54,69.5,15,76.9,-7.40000000000001
"303",2015,"T8","United StatesKeegan Bradley",302.8,69.1,55.6,1.6,0,18,28,7,1,"-11",-11,8,54,72.5,15,76.9,-4.40000000000001
"304",2015,"T11","United StatesBilly Horschel",294.5,73.8,59.3,1.625,0,17,28,8,1,"-10",-10,11,54,66,15,76.9,-10.9
"305",2015,"T11","FijiVijay Singh",293.5,69.1,61.1,1.727,0,12,37,5,0,"-10",-10,11,54,58,15,76.9,-18.9
"306",2015,"T13","United StatesKevin Na",285.7,69.1,68.5,1.784,0,18,28,6,2,"-9",-9,13,54,69,15,76.9,-7.90000000000001
"307",2015,"T13","United StatesGeorge McNeill",293.4,83.3,72.2,1.718,2,12,30,10,0,"-9",-9,13,54,68,15,76.9,-8.90000000000001
"308",2015,"T13","United StatesDustin Johnson",329.4,66.7,59.3,1.563,2,15,29,5,3,"-9",-9,13,54,76,15,76.9,-0.900000000000006
"309",2015,"T13","EnglandAndy Sullivan",299.3,83.3,66.7,1.472,0,19,28,5,2,"-9",-9,13,54,72.5,15,76.9,-4.40000000000001
"310",2015,"17","United StatesBrendon Todd",273.9,90.5,75.9,1.61,0,18,29,6,1,"-8",-8,17,54,69.5,15,76.9,-7.40000000000001
"311",2015,"T18","United StatesRyan Moore",282.5,83.3,66.7,1.667,1,13,34,4,2,"-7",-7,18,54,65,15,76.9,-11.9
"312",2015,"T18","United StatesBill Haas",291.6,81,79.6,1.837,0,10,39,4,1,"-7",-7,18,54,51.5,15,76.9,-25.4
"313",2015,"T18","United StatesKevin Streelman",290.1,92.9,75.9,1.78,1,15,32,5,1,"-7",-7,18,54,70.5,15,76.9,-6.40000000000001
"314",2015,"T18","United StatesRobert Streb",294.1,59.5,66.7,1.694,0,13,34,6,1,"-7",-7,18,54,57,15,76.9,-19.9
"315",2015,"T18","United StatesHarris English",305,71.4,64.8,1.686,0,14,32,8,0,"-7",-7,18,54,59,15,76.9,-17.9
"316",2015,"T18","ScotlandRussell Knox",281.1,78.6,63,1.735,0,10,37,7,0,"-7",-7,18,54,50,15,76.9,-26.9
"317",2015,"T24","SlovakiaRory Sabbatini",290,61.9,70.4,1.763,0,15,30,9,0,"-6",-6,24,54,59.5,15,76.9,-17.4
"318",2015,"T24","United StatesJason Dufner",288.8,71.4,74.1,1.7,4,11,31,6,2,"-6",-6,24,54,79.5,15,76.9,2.59999999999999
"319",2015,"T26","United StatesMatt Kuchar",285.9,57.1,66.7,1.556,2,14,30,5,3,"-5",-5,26,54,70.5,15,76.9,-6.40000000000001
"320",2015,"T26","CanadaGraham DeLaet",298.2,71.4,74.1,1.725,0,14,32,8,0,"-5",-5,26,54,57,15,76.9,-19.9
"321",2015,"T26","United StatesJeff Overton",282.4,76.2,63,1.618,0,15,32,6,1,"-5",-5,26,54,60,15,76.9,-16.9
"322",2015,"T26","South AfricaThomas Aiken",290,83.3,59.3,1.5,1,15,31,6,1,"-5",-5,26,54,67.5,15,76.9,-9.40000000000001
"323",2015,"T26","United StatesPatrick Reed",297.7,54.8,59.3,1.469,0,17,28,9,0,"-5",-5,26,54,63.5,15,76.9,-13.4
"324",2015,"T31","United StatesChris Stroud",287.3,71.4,61.1,1.636,0,17,29,5,3,"-4",-4,31,54,62,15,76.9,-14.9
"325",2015,"T31","AustraliaGreg Chalmers",279.9,69.1,63,1.529,0,16,27,10,1,"-4",-4,31,54,57.5,15,76.9,-19.4
"326",2015,"T31","South AfricaRetief Goosen",284.6,61.9,63,1.765,0,10,38,6,0,"-4",-4,31,54,48,15,76.9,-28.9
"327",2015,"T31","United StatesStewart Cink",294.9,78.6,72.2,1.795,0,12,33,8,1,"-4",-4,31,54,49.5,15,76.9,-27.4
"328",2015,"T31","United StatesCharles Howell III",299.7,52.4,63,1.618,0,16,29,7,2,"-4",-4,31,54,59,15,76.9,-17.9
"329",2015,"T36","SwedenCarl Pettersson",299.2,83.3,55.6,1.767,4,5,37,8,0,"-3",-3,36,54,63.5,15,76.9,-13.4
"330",2015,"T36","United StatesErik Compton",287.9,71.4,64.8,1.686,1,17,26,9,1,"-3",-3,36,54,68.5,15,76.9,-8.40000000000001
"331",2015,"T36","United StatesChris Kirk",280.6,81,63,1.765,0,11,33,9,1,"-3",-3,36,54,46,15,76.9,-30.9
"332",2015,"T36","United StatesJohn Huh",283.5,66.7,63,1.647,0,14,33,5,2,"-3",-3,36,54,56,15,76.9,-20.9
"333",2015,"T40","United StatesPatrick Rodgers",308.1,69.1,63,1.647,0,14,29,11,0,"-2",-2,40,54,53,15,76.9,-23.9
"334",2015,"T40","United StatesShawn Stefani",296.7,69.1,66.7,1.778,0,11,36,6,1,"-2",-2,40,54,49,15,76.9,-27.9
"335",2015,"T40","United StatesJim Herman",295.6,73.8,70.4,1.763,0,12,36,6,0,"-2",-2,40,54,53,15,76.9,-23.9
"336",2015,"T40","United StatesWilliam McGirt",287.8,83.3,61.1,1.727,1,11,36,5,1,"-2",-2,40,54,57.5,15,76.9,-19.4
"337",2015,"T40","AustraliaMatt Jones",302.7,71.4,55.6,1.767,1,12,32,7,2,"-2",-2,40,54,56.5,15,76.9,-20.4
"338",2015,"T40","ColombiaCamilo Villegas",291,57.1,61.1,1.667,0,13,33,6,2,"-2",-2,40,54,52.5,15,76.9,-24.4
"339",2015,"T40","United StatesJonathan Byrd",290.3,61.9,63,1.706,0,12,37,4,1,"-2",-2,40,54,53.5,15,76.9,-23.4
"340",2015,"T40","United StatesBo Van Pelt",295.8,64.3,70.4,1.711,0,17,26,8,2,"-2",-2,40,53,60,15,76.9,-16.9
"341",2015,"T40","United StatesSteve Stricker",272.8,59.5,64.8,1.857,0,8,37,8,1,"-2",-2,40,54,39.5,15,76.9,-37.4
"342",2015,"T49","United StatesKevin Chappell",279.7,52.4,53.7,1.828,0,10,37,6,1,"-1",-1,49,54,45.5,15,76.9,-31.4
"343",2015,"T49","South KoreaSangmoon Bae",282.8,64.3,63,1.676,0,14,28,8,4,"-1",-1,49,54,49,15,76.9,-27.9
"344",2015,"T49","United StatesChesson Hadley",289.9,52.4,68.5,1.649,1,13,31,6,3,"-1",-1,49,54,57.5,15,76.9,-19.4
"345",2015,"T52","United StatesJames Hahn",289.4,76.2,70.4,1.789,0,11,34,9,0,"E",0,52,54,45.5,15,76.9,-31.4
"346",2015,"T52","United StatesTroy Merritt",290.4,69.1,68.5,1.676,0,14,34,3,3,"E",0,52,54,54.5,15,76.9,-22.4
"347",2015,"T52","United StatesBrooks Koepka",296.8,66.7,59.3,1.594,2,13,28,11,0,"E",0,52,54,63.5,15,76.9,-13.4
"348",2015,"T52","AustraliaSteven Bowditch",307.7,57.1,70.4,1.658,1,14,34,2,3,"E",0,52,54,63,15,76.9,-13.9
"349",2015,"T52","United StatesJason Bohn",273.2,78.6,61.1,1.576,0,16,26,8,4,"E",0,52,54,53,15,76.9,-23.9
"350",2015,"T57","United StatesAndrew Svoboda",286.1,66.7,55.6,1.6,1,13,25,14,1,"1",1,57,54,51.5,15,76.9,-25.4
"351",2015,"T57","United StatesPat Perez",283.8,73.8,72.2,1.718,0,15,30,7,1,"1",1,57,53,55.5,15,76.9,-21.4
"352",2015,"T57","AustraliaJohn Senden",290.4,76.2,66.7,1.806,0,9,37,7,1,"1",1,57,54,41,15,76.9,-35.9
"353",2015,"T57","CanadaAdam Hadwin",286.6,71.4,70.4,1.816,0,12,35,7,0,"1",1,57,54,50,15,76.9,-26.9
"354",2015,"T61","United StatesBrian Stuard",273.5,81,75.9,1.78,1,9,35,7,1,"2",2,61,53,48,15,76.9,-28.9
"355",2015,"T61","United StatesZac Blair",269.1,76.2,66.7,1.75,0,10,40,1,3,"2",2,61,54,46.5,15,76.9,-30.4
"356",2015,"T63","United StatesHudson Swafford",313.8,71.4,70.4,1.763,0,14,27,9,3,"3",3,63,53,48,15,76.9,-28.9
"357",2015,"T63","United StatesBrendan Steele",308,64.3,68.5,1.784,0,14,32,7,1,"3",3,63,54,53.5,15,76.9,-23.4
"358",2015,"T65","United StatesNick Watney",303.8,69.1,68.5,1.838,0,12,27,14,1,"5",5,65,54,41.5,15,76.9,-35.4
"359",2015,"T65","United StatesKen Duke",274.9,76.2,57.4,1.742,1,12,28,11,1,"5",5,65,53,51.5,15,76.9,-25.4
"360",2015,"T65","United StatesPhil Mickelson",297.5,73.8,59.3,1.688,1,10,31,10,2,"5",5,65,54,46.5,15,76.9,-30.4
"361",2015,"T68","United StatesLucas Glover",299.9,54.8,53.7,1.793,1,10,27,15,0,"6",6,68,53,44,15,76.9,-32.9
"362",2015,"T68","United StatesScott Langley",280.9,61.9,57.4,1.742,0,8,36,9,1,"6",6,68,54,36.5,15,76.9,-40.4
"363",2015,"T68","United StatesAndrew Putnam",278.3,69.1,66.7,1.667,0,14,32,7,0,"6",6,68,53,54.5,15,76.9,-22.4
"364",2015,"71","United StatesTiger Woods",298.4,38.1,48.2,1.692,0,11,26,13,3,"14",14,71,53,36.5,15,76.9,-40.4
"365",2016,"1","United StatesWilliam McGirt",285.4,67.9,73.6,1.736,1,20,44,7,0,"-15",-15,1,72,116.5,15,97.7,18.8
"366",2016,"2","United StatesJon Curran",275.4,66.1,61.1,1.545,1,20,44,7,0,"-15",-15,2,72,106.5,15,97.7,8.8
"367",2016,"3","United StatesDustin Johnson",305,62.5,76.4,1.6,0,26,35,10,1,"-14",-14,3,72,107.5,15,97.7,9.8
"368",2016,"T4","Northern IrelandRory McIlroy",307.1,75,66.7,1.604,0,25,36,10,1,"-13",-13,4,72,103,15,97.7,5.3
"369",2016,"T4","United StatesJ.B. Holmes",309.9,50,62.5,1.622,0,25,36,10,1,"-13",-13,4,72,103,15,97.7,5.3
"370",2016,"T4","United StatesMatt Kuchar",287.4,73.2,69.4,1.62,0,24,38,9,1,"-13",-13,4,72,101.5,15,97.7,3.8
"371",2016,"T4","United StatesGary Woodland",299.7,73.2,63.9,1.739,1,16,50,5,0,"-13",-13,4,72,94.5,15,97.7,-3.2
"372",2016,"T8","United StatesPatrick Reed",296.3,66.1,73.6,1.792,2,17,44,9,0,"-12",-12,8,72,93.5,15,97.7,-4.2
"373",2016,"T8","United StatesKeegan Bradley",305.7,73.2,73.6,1.698,0,19,47,5,1,"-12",-12,8,72,86,15,97.7,-11.7
"374",2016,"T8","United StatesKevin Streelman",285.3,75,73.6,1.642,1,19,44,7,1,"-12",-12,8,72,91.5,15,97.7,-6.2
"375",2016,"T11","AustraliaMarc Leishman",293.2,67.9,72.2,1.731,0,18,48,5,1,"-11",-11,11,72,80.5,15,97.7,-17.2
"376",2016,"T11","United StatesTony Finau",310.6,58.9,69.4,1.66,0,21,41,10,0,"-11",-11,11,72,84.5,15,97.7,-13.2
"377",2016,"T11","South AfricaCharl Schwartzel",296.3,71.4,68.1,1.612,0,26,33,12,0,"-11",-11,11,71,94.5,15,97.7,-3.2
"378",2016,"T11","South KoreaByeong Hun An",303.4,57.1,69.4,1.62,0,22,40,9,1,"-11",-11,11,72,86.5,15,97.7,-11.2
"379",2016,"T11","United StatesRoberto Castro",278.8,66.1,72.2,1.712,0,18,47,7,0,"-11",-11,11,72,80,15,97.7,-17.7
"380",2016,"T11","AustraliaJohn Senden",287.2,75,75,1.667,0,23,38,10,1,"-11",-11,11,72,88,15,97.7,-9.7
"381",2016,"T11","United StatesWebb Simpson",274.8,71.4,66.7,1.646,3,16,42,11,0,"-11",-11,11,72,93.5,15,97.7,-4.2
"382",2016,"T11","ArgentinaEmiliano Grillo",289.9,66.1,70.8,1.647,0,23,39,8,2,"-11",-11,11,72,88.5,15,97.7,-9.2
"383",2016,"T11","CanadaAdam Hadwin",285.3,69.6,66.7,1.583,2,20,37,13,0,"-11",-11,11,72,94,15,97.7,-3.7
"384",2016,"T20","United StatesSmylie Kaufman",305.8,60.7,68.1,1.714,1,18,43,10,0,"-10",-10,20,72,83.5,15,97.7,-14.2
"385",2016,"T20","United StatesKyle Reifers",285.7,80.4,63.9,1.696,0,18,46,8,0,"-10",-10,20,72,78,15,97.7,-19.7
"386",2016,"T20","United StatesBrendan Steele",301.6,64.3,68.1,1.673,1,19,43,7,2,"-10",-10,20,72,86,15,97.7,-11.7
"387",2016,"T20","AustraliaMatt Jones",290.6,66.1,70.8,1.686,1,17,47,5,2,"-10",-10,20,72,83,15,97.7,-14.7
"388",2016,"T20","United StatesPhil Mickelson",296,71.4,79.2,1.702,0,23,36,13,0,"-10",-10,20,72,85.5,15,97.7,-12.2
"389",2016,"T20","United StatesRobert Streb",287.9,69.6,75,1.648,0,23,39,8,1,"-10",-10,20,71,88.5,15,97.7,-9.2
"390",2016,"T20","DenmarkSøren Kjeldsen",273.7,85.7,75,1.685,0,20,42,10,0,"-10",-10,20,72,81,15,97.7,-16.7
"391",2016,"T27","SwedenDavid Lingmerth",281.6,78.6,68.1,1.735,0,19,43,10,0,"-9",-9,27,72,76.5,15,97.7,-21.2
"392",2016,"T27","CanadaDavid Hearn",275.7,87.5,70.8,1.686,2,17,42,10,1,"-9",-9,27,72,85,15,97.7,-12.7
"393",2016,"T27","United StatesJohn Huh",282.8,75,66.7,1.792,0,16,50,5,1,"-9",-9,27,72,72.5,15,97.7,-25.2
"394",2016,"T27","United StatesScott Brown",293,69.6,70.8,1.725,0,18,46,7,1,"-9",-9,27,72,75.5,15,97.7,-22.2
"395",2016,"T27","AustraliaJason Day",311.7,50,66.7,1.542,1,23,34,12,2,"-9",-9,27,72,89,15,97.7,-8.7
"396",2016,"T27","United StatesZac Blair",269.6,78.6,56.9,1.634,0,18,45,9,0,"-9",-9,27,72,75,15,97.7,-22.7
"397",2016,"T33","United StatesJason Dufner",290.9,71.4,68.1,1.673,0,19,43,9,1,"-8",-8,33,72,75,15,97.7,-22.7
"398",2016,"T33","AustraliaGeoff Ogilvy",290.1,76.8,66.7,1.625,0,21,40,10,0,"-8",-8,33,71,80,15,97.7,-17.7
"399",2016,"T33","United StatesLucas Glover",294.1,67.9,73.6,1.642,0,22,37,12,1,"-8",-8,33,72,79.5,15,97.7,-18.2
"400",2016,"T33","United StatesBrian Harman",286.2,76.8,69.4,1.76,0,16,48,8,0,"-8",-8,33,72,70,15,97.7,-27.7
"401",2016,"T33","United StatesRussell Henley",289.4,73.2,72.2,1.769,0,16,48,8,0,"-8",-8,33,72,70,15,97.7,-27.7
"402",2016,"T38","United StatesBen Martin",291.9,73.2,70.8,1.686,2,17,42,9,1,"-7",-7,38,71,84.5,15,97.7,-13.2
"403",2016,"T38","United StatesDaniel Summerhays",287.8,73.2,63.9,1.717,0,19,43,9,0,"-7",-7,38,71,76,15,97.7,-21.7
"404",2016,"T38","AustraliaRyan Ruffels",314,82.1,70.8,1.765,0,19,41,12,0,"-7",-7,38,72,73.5,15,97.7,-24.2
"405",2016,"T38","United StatesBryson DeChambeau",298.8,62.5,69.4,1.8,0,15,49,8,0,"-7",-7,38,72,67.5,15,97.7,-30.2
"406",2016,"T38","United StatesPatton Kizzire",287.5,85.7,69.4,1.64,0,19,42,10,1,"-7",-7,38,72,74,15,97.7,-23.7
"407",2016,"T38","United StatesBud Cauley",298.8,60.7,70.8,1.725,2,19,35,16,0,"-7",-7,38,72,84.5,15,97.7,-13.2
"408",2016,"T38","United StatesGeorge McNeill",278.6,71.4,77.8,1.768,0,16,48,7,1,"-7",-7,38,72,69.5,15,97.7,-28.2
"409",2016,"T38","United StatesHudson Swafford",307.5,64.3,72.2,1.673,1,19,38,14,0,"-7",-7,38,72,79,15,97.7,-18.7
"410",2016,"T46","SwedenJonas Blixt",286.8,71.4,62.5,1.644,0,16,48,6,2,"-6",-6,46,72,68,15,97.7,-29.7
"411",2016,"T46","JapanHiroshi Iwata",284.5,66.1,63.9,1.674,0,17,46,7,2,"-6",-6,46,72,69.5,15,97.7,-28.2
"412",2016,"T48","United StatesJason Gore",294.5,66.1,72.2,1.712,0,17,46,7,1,"-5",-5,48,71,70.5,15,97.7,-27.2
"413",2016,"T48","United StatesKevin Chappell",291.1,71.4,62.5,1.778,0,15,47,10,0,"-5",-5,48,72,64.5,15,97.7,-33.2
"414",2016,"T48","United StatesRyan Moore",280.3,58.9,62.5,1.756,0,15,50,5,1,"-5",-5,48,71,67.5,15,97.7,-30.2
"415",2016,"T48","United StatesCharles Howell III",307.8,55.4,73.6,1.717,2,15,42,12,1,"-5",-5,48,72,76,15,97.7,-21.7
"416",2016,"T52","New ZealandDanny Lee",283.8,58.9,66.7,1.583,1,19,39,9,4,"-4",-4,52,72,76,15,97.7,-21.7
"417",2016,"T52","United StatesJamie Lovemark",300.4,69.6,63.9,1.674,0,20,38,12,2,"-4",-4,52,72,71,15,97.7,-26.7
"418",2016,"T52","United StatesJim Furyk",276.7,73.2,72.2,1.731,0,14,48,10,0,"-4",-4,52,72,61,15,97.7,-36.7
"419",2016,"T52","South KoreaK.J. Choi",283.1,69.6,69.4,1.72,0,16,48,6,1,"-4",-4,52,71,68,15,97.7,-29.7
"420",2016,"T52","SpainRafa Cabrera Bello",287.2,82.1,65.3,1.66,1,17,40,13,1,"-4",-4,52,72,71.5,15,97.7,-26.2
"421",2016,"T57","GermanyAlex Cejka",281.6,76.8,61.1,1.773,0,17,44,8,3,"-3",-3,57,72,66,15,97.7,-31.7
"422",2016,"T57","United StatesHarold Varner III",300.3,76.8,61.1,1.773,0,16,44,11,1,"-3",-3,57,72,63.5,15,97.7,-34.2
"423",2016,"T57","United StatesSpencer Levin",273.9,75,63.9,1.739,1,12,48,11,0,"-3",-3,57,72,62.5,15,97.7,-35.2
"424",2016,"T57","United StatesJordan Spieth",294.6,57.1,56.9,1.683,0,17,41,14,0,"-3",-3,57,72,64.5,15,97.7,-33.2
"425",2016,"T61","United StatesJason Bohn",270.4,76.8,62.5,1.689,0,17,44,7,4,"-2",-2,61,72,65.5,15,97.7,-32.2
"426",2016,"T61","IndiaAnirban Lahiri",291.7,62.5,66.7,1.708,1,15,43,11,2,"-2",-2,61,72,67,15,97.7,-30.7
"427",2016,"T61","AustraliaRod Pampling",286.1,62.5,58.3,1.69,1,13,46,11,1,"-2",-2,61,72,63.5,15,97.7,-34.2
"428",2016,"64","ScotlandRussell Knox",275.6,67.9,61.1,1.659,1,18,37,13,3,"-1",-1,64,72,71,15,97.7,-26.7
"429",2016,"T65","ColombiaCamilo Villegas",285.2,53.6,59.7,1.721,1,15,41,13,2,"E",0,65,72,65,15,97.7,-32.7
"430",2016,"T65","United StatesBubba Watson",299.5,51.8,62.5,1.644,0,21,33,15,3,"E",0,65,72,69,15,97.7,-28.7
"431",2016,"67","United StatesDaniel Berger",301.4,50,59.7,1.791,0,15,44,11,1,"1",1,67,71,60.5,15,97.7,-37.2
"432",2016,"68","EnglandLuke Donald",285.7,60.7,58.3,1.786,0,12,47,12,1,"2",2,68,72,52.5,15,97.7,-45.2
"433",2016,"T69","United StatesKen Duke",276.6,67.9,51.4,1.703,0,13,44,14,1,"3",3,69,72,53,15,97.7,-44.7
"434",2016,"T69","United StatesScott Piercy",289.2,55.4,63.9,1.826,1,12,44,13,2,"3",3,69,72,57.5,15,97.7,-40.2
"435",2016,"T69","SwedenFreddie Jacobson",281.3,64.3,68.1,1.694,0,19,37,11,4,"3",3,69,71,66,15,97.7,-31.7
"436",2016,"T69","United StatesBrian Stuard",274.7,80.4,63.9,1.848,0,13,46,11,1,"3",3,69,71,55.5,15,97.7,-42.2
"437",2016,"73","South AfricaGeorge Coetzee",291.1,64.3,70.8,1.843,0,11,50,9,1,"4",4,73,71,52.5,15,97.7,-45.2
"438",2016,"T74","United StatesKevin Na",274.2,66.1,62.5,1.822,1,10,48,11,1,"5",5,74,71,55.5,15,97.7,-42.2
"439",2016,"T74","South KoreaSi Woo Kim",294.4,53.6,59.7,1.791,1,14,39,15,3,"5",5,74,72,59,15,97.7,-38.7
"440",2017,"1","United StatesJason Dufner",298.8,73.2,75,1.667,2,21,38,10,1,"-13",-13,1,72,122,16,88.53125,33.46875
"441",2017,"T2","IndiaAnirban Lahiri",308.3,62.5,66.7,1.604,0,22,39,10,1,"-10",-10,2,72,99.5,16,88.53125,10.96875
"442",2017,"T2","United StatesRickie Fowler",296.1,80.4,69.4,1.7,0,21,42,8,0,"-10",-10,2,71,100,16,88.53125,11.46875
"443",2017,"T4","United StatesJustin Thomas",305.5,64.3,66.7,1.708,0,16,49,7,0,"-9",-9,4,72,85,16,88.53125,-3.53125
"444",2017,"T4","United StatesMatt Kuchar",288.1,60.7,72.2,1.769,0,16,49,7,0,"-9",-9,4,72,85,16,88.53125,-3.53125
"445",2017,"T6","United StatesKyle Stanley",294.4,75,56.9,1.561,3,16,39,14,0,"-8",-8,6,72,96.5,16,88.53125,7.96875
"446",2017,"T6","United StatesJames Hahn",296.4,55.4,62.5,1.667,0,19,43,9,1,"-8",-8,6,72,85,16,88.53125,-3.53125
"447",2017,"T6","United StatesKevin Kisner",289.7,66.1,66.7,1.708,1,15,47,9,0,"-8",-8,6,72,84,16,88.53125,-4.53125
"448",2017,"T6","United StatesBubba Watson",305.7,60.7,68.1,1.673,2,20,36,13,0,"-8",-8,6,71,99.5,16,88.53125,10.96875
"449",2017,"T10","CanadaGraham DeLaet",302.7,67.9,66.7,1.729,1,16,45,9,1,"-7",-7,10,72,80,16,88.53125,-8.53125
"450",2017,"T10","United StatesJamie Lovemark",314,66.1,65.3,1.723,0,19,42,10,1,"-7",-7,10,72,79,16,88.53125,-9.53125
"451",2017,"T10","United StatesDaniel Summerhays",289.9,76.8,70.8,1.667,0,21,39,10,2,"-7",-7,10,72,82.5,16,88.53125,-6.03125
"452",2017,"T13","United StatesJordan Spieth",290,60.7,66.7,1.667,0,20,40,10,2,"-6",-6,13,72,79,16,88.53125,-9.53125
"453",2017,"T13","United StatesKevin Streelman",291.6,69.6,56.9,1.707,1,17,43,9,2,"-6",-6,13,72,80,16,88.53125,-8.53125
"454",2017,"T15","AustraliaJason Day",306.4,64.3,61.1,1.636,1,17,40,14,0,"-5",-5,15,72,78,16,88.53125,-10.53125
"455",2017,"T15","AustraliaMarc Leishman",305.7,75,62.5,1.667,0,18,41,13,0,"-5",-5,15,72,74,16,88.53125,-14.53125
"456",2017,"T15","SwedenDavid Lingmerth",288.5,57.1,63.9,1.717,1,18,40,11,2,"-5",-5,15,72,80.5,16,88.53125,-8.03125
"457",2017,"T15","IrelandShane Lowry",300.9,76.8,68.1,1.694,0,19,40,12,1,"-5",-5,15,72,76,16,88.53125,-12.53125
"458",2017,"T19","United StatesHarold Varner III",302,58.9,65.3,1.745,2,15,41,13,1,"-4",-4,19,72,79,16,88.53125,-9.53125
"459",2017,"T19","United StatesPat Perez",293.8,57.1,63.9,1.804,0,15,47,9,1,"-4",-4,19,72,68,16,88.53125,-20.53125
"460",2017,"T19","United StatesJim Herman",290.5,67.9,65.3,1.723,1,13,47,11,0,"-4",-4,19,72,70,16,88.53125,-18.53125
"461",2017,"T22","United StatesRicky Barnes",271.7,55.4,66.7,1.708,0,15,46,10,1,"-3",-3,22,72,66,16,88.53125,-22.53125
"462",2017,"T22","United StatesPhil Mickelson",284.6,62.5,69.4,1.76,0,17,41,14,0,"-3",-3,22,72,68.5,16,88.53125,-20.03125
"463",2017,"T22","EnglandRoss Fisher",288.8,69.6,66.7,1.729,1,18,36,17,0,"-3",-3,22,72,75.5,16,88.53125,-13.03125
"464",2017,"T25","AustraliaBrett Coletta",309.4,66.1,66.7,1.708,0,17,42,11,2,"-2",-2,25,72,68.5,16,88.53125,-20.03125
"465",2017,"T25","United StatesBill Haas",293.8,53.6,63.9,1.674,0,18,39,14,1,"-2",-2,25,72,69.5,16,88.53125,-19.03125
"466",2017,"T25","United StatesPeter Uihlein",301.1,73.2,59.7,1.651,1,19,37,11,4,"-2",-2,25,72,78,16,88.53125,-10.53125
"467",2017,"T25","United StatesStewart Cink",297.6,57.1,69.4,1.78,0,16,43,12,1,"-2",-2,25,72,66.5,16,88.53125,-22.03125
"468",2017,"T25","United StatesBud Cauley",293.5,64.3,73.6,1.792,0,16,43,12,1,"-2",-2,25,72,66.5,16,88.53125,-22.03125
"469",2017,"T25","South KoreaByeong Hun An",304.1,58.9,70.8,1.725,0,16,46,7,2,"-2",-2,25,71,69.5,16,88.53125,-19.03125
"470",2017,"T31","IrelandPadraig Harrington",297.4,53.6,52.8,1.789,1,11,48,12,0,"-1",-1,31,72,61,16,88.53125,-27.53125
"471",2017,"T31","SwedenJonas Blixt",292.8,67.9,58.3,1.643,1,16,40,13,2,"-1",-1,31,72,69.5,16,88.53125,-19.03125
"472",2017,"T31","United StatesBrooks Koepka",319.3,55.4,73.6,1.679,2,16,39,11,4,"-1",-1,31,72,76,16,88.53125,-12.53125
"473",2017,"T31","AustraliaAdam Scott",305.1,50,58.3,1.738,1,15,42,12,2,"-1",-1,31,72,68,16,88.53125,-20.53125
"474",2017,"T35","United StatesPatrick Cantlay",307.7,58.9,66.7,1.771,2,15,38,15,2,"E",0,35,72,72.5,16,88.53125,-16.03125
"475",2017,"T35","United StatesBen Martin",285.3,64.3,54.2,1.692,0,15,43,13,1,"E",0,35,72,61,16,88.53125,-27.53125
"476",2017,"T35","United StatesGrayson Murray",313.1,55.4,63.9,1.696,0,19,37,13,3,"E",0,35,72,68,16,88.53125,-20.53125
"477",2017,"T35","South AfricaCharl Schwartzel",298.9,57.1,68.1,1.755,0,14,47,8,3,"E",0,35,72,60.5,16,88.53125,-28.03125
"478",2017,"T35","United StatesJason Kokrak",302,57.1,63.9,1.783,0,18,39,12,3,"E",0,35,72,66.5,16,88.53125,-22.03125
"479",2017,"T40","United StatesZach Johnson",282.4,66.1,63.9,1.783,0,14,46,9,3,"1",1,40,72,59.5,16,88.53125,-29.03125
"480",2017,"T40","United StatesTony Finau",308.3,60.7,62.5,1.667,0,21,36,10,3,"1",1,40,70,75,16,88.53125,-13.53125
"481",2017,"T40","Chinese TaipeiC.T. Pan",287.7,66.1,65.3,1.766,0,16,42,11,3,"1",1,40,72,62.5,16,88.53125,-26.03125
"482",2017,"T40","ArgentinaEmiliano Grillo",303.7,55.4,54.2,1.692,0,16,40,15,1,"1",1,40,72,61.5,16,88.53125,-27.03125
"483",2017,"T40","United StatesSteve Stricker",284.5,76.8,66.7,1.771,0,12,48,11,1,"1",1,40,72,55.5,16,88.53125,-33.03125
"484",2017,"T45","JapanHideki Matsuyama",303.5,58.9,66.7,1.75,1,16,41,9,4,"2",2,45,71,69,16,88.53125,-19.53125
"485",2017,"T45","CanadaMackenzie Hughes",295.2,69.6,59.7,1.814,0,14,44,12,2,"2",2,45,72,57,16,88.53125,-31.53125
"486",2017,"T45","United StatesCharley Hoffman",299.2,57.1,54.2,1.949,0,8,55,8,1,"2",2,45,72,47.5,16,88.53125,-41.03125
"487",2017,"T45","United StatesLucas Glover",304.5,73.2,62.5,1.8,1,12,48,7,3,"2",2,45,71,62.5,16,88.53125,-26.03125
"488",2017,"T49","New ZealandDanny Lee",283.8,66.1,52.8,1.737,0,13,43,16,0,"3",3,49,72,53.5,16,88.53125,-35.03125
"489",2017,"T49","United StatesGary Woodland",306.3,62.5,65.3,1.745,0,15,40,16,1,"3",3,49,72,57,16,88.53125,-31.53125
"490",2017,"T49","CanadaNick Taylor",287,71.4,65.3,1.894,0,11,48,12,1,"3",3,49,72,51,16,88.53125,-37.53125
"491",2017,"T52","United StatesSean O'Hair",298.9,53.6,59.7,1.767,0,16,37,18,1,"4",4,52,72,56.5,16,88.53125,-32.03125
"492",2017,"T52","AustraliaGreg Chalmers",287.7,64.3,45.8,1.515,0,17,36,17,2,"4",4,52,72,58.5,16,88.53125,-30.03125
"493",2017,"T52","United StatesKevin Chappell",305.9,64.3,55.6,1.725,1,14,39,16,2,"4",4,52,72,59.5,16,88.53125,-29.03125
"494",2017,"T52","United StatesBrian Stuard",270.7,62.5,55.6,1.7,0,13,44,13,2,"4",4,52,72,52.5,16,88.53125,-36.03125
"495",2017,"T52","ScotlandMartin Laird",298.4,69.6,62.5,1.778,2,11,43,13,3,"4",4,52,72,61,16,88.53125,-27.53125
"496",2017,"T57","AustraliaRod Pampling",290.6,64.3,58.3,1.738,0,12,46,11,3,"5",5,57,72,50.5,16,88.53125,-38.03125
"497",2017,"T57","United StatesPatrick Reed",293.5,66.1,62.5,1.867,0,12,47,10,2,"5",5,57,71,52.5,16,88.53125,-36.03125
"498",2017,"T57","GermanyAlex Cejka",277.5,60.7,61.1,1.864,1,10,46,13,2,"5",5,57,72,52.5,16,88.53125,-36.03125
"499",2017,"T57","United StatesD.A. Points",283.5,66.1,63.9,1.804,1,12,45,10,3,"5",5,57,71,58.5,16,88.53125,-30.03125
"500",2017,"T57","United StatesBrendan Steele",300.2,53.6,54.2,1.744,0,14,41,15,2,"5",5,57,72,53,16,88.53125,-35.53125
"501",2017,"T57","United StatesSam Saunders",291.2,62.5,56.9,1.756,0,15,39,16,2,"5",5,57,72,54.5,16,88.53125,-34.03125
"502",2017,"T63","United StatesZac Blair",269,67.9,59.7,1.837,0,11,45,15,1,"6",6,63,72,47,16,88.53125,-41.53125
"503",2017,"T63","ColombiaCamilo Villegas",286.4,51.8,55.6,1.85,0,9,50,11,2,"6",6,63,72,44.5,16,88.53125,-44.03125
"504",2017,"T65","ScotlandRussell Knox",283.5,64.3,51.4,1.703,0,16,38,14,3,"7",7,65,71,57,16,88.53125,-31.53125
"505",2017,"T65","AustraliaCameron Smith",283,67.9,58.3,1.762,1,14,38,15,4,"7",7,65,72,57.5,16,88.53125,-31.03125
"506",2017,"T67","South KoreaK.J. Choi",274.4,53.6,47.2,1.706,0,12,44,14,1,"8",8,67,71,50,16,88.53125,-38.53125
"507",2017,"T67","United StatesPatrick Rodgers",298.3,58.9,58.3,1.81,0,12,43,14,3,"8",8,67,72,47.5,16,88.53125,-41.03125
"508",2017,"T67","United StatesWebb Simpson",285.4,73.2,55.6,1.75,0,13,43,11,5,"8",8,67,72,50,16,88.53125,-38.53125
"509",2017,"T67","United StatesWilliam McGirt",288.8,62.5,61.1,1.727,0,15,39,16,1,"8",8,67,71,55.5,16,88.53125,-33.03125
"510",2017,"T71","United StatesOllie Schniederjans",291.1,42.9,54.2,1.821,0,13,38,20,1,"9",9,71,72,47,16,88.53125,-41.53125
"511",2017,"T71","DenmarkSøren Kjeldsen",271.5,73.2,59.7,1.721,0,14,38,17,3,"9",9,71,72,49.5,16,88.53125,-39.03125
"512",2017,"T73","AustraliaCurtis Luck",304.4,39.3,47.2,1.735,0,12,40,17,3,"11",11,73,72,44.5,16,88.53125,-44.03125
"513",2017,"T73","United StatesVaughn Taylor",283.8,62.5,48.6,1.714,1,10,42,16,2,"11",11,73,71,49,16,88.53125,-39.53125
"514",2017,"75","South KoreaSung Kang",291.2,57.1,51.4,1.73,1,12,38,17,2,"13",13,75,70,52.5,16,88.53125,-36.03125
"515",2017,"76","AustraliaMatthew Griffin",292,60.7,48.6,1.829,0,9,42,16,4,"18",18,76,71,36,16,88.53125,-52.53125
"516",2018,"1","United StatesBryson DeChambeau",306.3,62.5,72.2,1.692,0,21,46,4,1,"-15",-15,1,72,113,15,95.7666666666667,17.2333333333333
"517",2018,"T2","South KoreaByeong Hun An",301,82.1,83.3,1.783,0,20,47,5,0,"-15",-15,2,72,101,15,95.7666666666667,5.23333333333333
"518",2018,"T2","United StatesKyle Stanley",278.7,76.8,72.2,1.615,0,26,36,9,1,"-15",-15,2,72,110.5,15,95.7666666666667,14.7333333333333
"519",2018,"4","United StatesPatrick Cantlay",291.4,73.2,75,1.648,3,17,43,9,0,"-14",-14,4,72,108,15,95.7666666666667,12.2333333333333
"520",2018,"5","United StatesPeter Uihlein",301.2,66.1,72.2,1.75,1,18,47,5,1,"-13",-13,5,72,96,15,95.7666666666667,0.233333333333334
"521",2018,"T6","EnglandJustin Rose",288.1,78.6,66.7,1.667,0,21,42,9,0,"-12",-12,6,72,91.5,15,95.7666666666667,-4.26666666666667
"522",2018,"T6","ChileJoaquin Niemann",293.3,64.3,77.8,1.607,1,23,37,9,2,"-12",-12,6,72,101,15,95.7666666666667,5.23333333333333
"523",2018,"T8","United StatesDustin Johnson",315.5,50,68.1,1.673,0,20,43,9,0,"-11",-11,8,72,86,15,95.7666666666667,-9.76666666666667
"524",2018,"T8","United StatesJustin Thomas",300.1,64.3,69.4,1.66,2,19,40,10,1,"-11",-11,8,72,96,15,95.7666666666667,0.233333333333334
"525",2018,"T8","United StatesPatrick Rodgers",300.3,78.6,68.1,1.653,0,22,40,9,1,"-11",-11,8,72,89.5,15,95.7666666666667,-6.26666666666667
"526",2018,"T8","United StatesRickie Fowler",297.8,75,72.2,1.673,1,19,42,10,0,"-11",-11,8,72,90,15,95.7666666666667,-5.76666666666667
"527",2018,"T8","Northern IrelandRory McIlroy",306,69.6,68.1,1.673,1,17,47,6,1,"-11",-11,8,72,87.5,15,95.7666666666667,-8.26666666666667
"528",2018,"T13","United StatesMatt Kuchar",276.9,76.8,68.1,1.694,0,17,48,7,0,"-10",-10,13,72,77.5,15,95.7666666666667,-18.2666666666667
"529",2018,"T13","United StatesTony Finau",306.7,60.7,73.6,1.717,0,18,46,8,0,"-10",-10,13,72,79,15,95.7666666666667,-16.7666666666667
"530",2018,"T13","United StatesPhil Mickelson",283.3,60.7,69.4,1.6,0,24,36,10,2,"-10",-10,13,72,89,15,95.7666666666667,-6.76666666666667
"531",2018,"T13","SwedenHenrik Stenson",277.5,87.5,77.8,1.786,1,16,47,8,0,"-10",-10,13,72,81.5,15,95.7666666666667,-14.2666666666667
"532",2018,"T13","South AfricaLouis Oosthuizen",289.4,69.6,69.4,1.74,0,18,46,8,0,"-10",-10,13,72,79,15,95.7666666666667,-16.7666666666667
"533",2018,"T13","United StatesTom Hoge",285.4,62.5,65.3,1.617,0,21,41,9,1,"-10",-10,13,72,84,15,95.7666666666667,-11.7666666666667
"534",2018,"T13","ThailandKiradech Aphibarnrat",287.9,82.1,69.4,1.64,0,21,41,9,1,"-10",-10,13,72,84,15,95.7666666666667,-11.7666666666667
"535",2018,"T13","United StatesRyan Moore",272.7,89.3,73.6,1.736,0,14,54,4,0,"-10",-10,13,72,73,15,95.7666666666667,-22.7666666666667
"536",2018,"T13","JapanHideki Matsuyama",288.1,71.4,66.7,1.583,2,19,38,13,0,"-10",-10,13,72,91.5,15,95.7666666666667,-4.26666666666667
"537",2018,"T13","United StatesJ.B. Holmes",292.6,71.4,55.6,1.7,2,15,46,9,0,"-10",-10,13,72,85.5,15,95.7666666666667,-10.2666666666667
"538",2018,"T23","United StatesRyan Armour",272.5,87.5,70.8,1.706,0,17,47,8,0,"-9",-9,23,72,74.5,15,95.7666666666667,-21.2666666666667
"539",2018,"T23","ScotlandMartin Laird",287.7,71.4,69.4,1.72,0,19,43,10,0,"-9",-9,23,72,77.5,15,95.7666666666667,-18.2666666666667
"540",2018,"T23","United StatesGary Woodland",308.9,78.6,73.6,1.698,0,20,42,9,1,"-9",-9,23,72,79.5,15,95.7666666666667,-16.2666666666667
"541",2018,"T23","ArgentinaEmiliano Grillo",283.5,85.7,68.1,1.714,1,15,48,8,0,"-9",-9,23,72,77,15,95.7666666666667,-18.7666666666667
"542",2018,"T23","United StatesKeegan Bradley",292.4,85.7,77.8,1.804,0,18,45,9,0,"-9",-9,23,72,76,15,95.7666666666667,-19.7666666666667
"543",2018,"T23","United StatesTiger Woods",300.9,71.4,75,1.796,2,17,42,10,1,"-9",-9,23,72,86,15,95.7666666666667,-9.76666666666667
"544",2018,"T29","United StatesRussell Henley",279.8,75,66.7,1.625,0,22,39,9,1,"-8",-8,29,71,83,15,95.7666666666667,-12.7666666666667
"545",2018,"T29","United StatesPatrick Reed",292.3,58.9,65.3,1.723,1,16,46,8,1,"-8",-8,29,72,77,15,95.7666666666667,-18.7666666666667
"546",2018,"T29","South KoreaSi Woo Kim",278.5,67.9,58.3,1.667,1,16,45,10,0,"-8",-8,29,72,76.5,15,95.7666666666667,-19.2666666666667
"547",2018,"T29","United StatesJulian Suri",284.3,69.6,59.7,1.651,1,17,43,11,0,"-8",-8,29,72,78,15,95.7666666666667,-17.7666666666667
"548",2018,"T29","SwedenDavid Lingmerth",277.8,83.9,70.8,1.706,0,22,36,14,0,"-8",-8,29,72,80,15,95.7666666666667,-15.7666666666667
"549",2018,"T29","South KoreaWhee Kim",276.8,76.8,70.8,1.725,0,18,46,6,2,"-8",-8,29,72,75,15,95.7666666666667,-20.7666666666667
"550",2018,"T35","United StatesKelly Kraft",275.4,83.9,69.4,1.7,0,19,42,10,1,"-7",-7,35,72,74,15,95.7666666666667,-21.7666666666667
"551",2018,"T35","AustraliaAdam Scott",298,76.8,73.6,1.755,1,15,46,10,0,"-7",-7,35,72,73,15,95.7666666666667,-22.7666666666667
"552",2018,"T37","United StatesLuke List",304.3,66.1,68.1,1.796,1,17,43,9,2,"-6",-6,37,72,76,15,95.7666666666667,-19.7666666666667
"553",2018,"T37","IndiaAnirban Lahiri",287,64.3,70.8,1.725,0,20,39,12,1,"-6",-6,37,72,74.5,15,95.7666666666667,-21.2666666666667
"554",2018,"T37","United StatesJamie Lovemark",294.1,66.1,70.8,1.745,1,18,40,12,1,"-6",-6,37,72,77,15,95.7666666666667,-18.7666666666667
"555",2018,"T40","GermanyAlex Cejka",273.1,82.1,66.7,1.667,0,17,44,10,1,"-5",-5,40,72,69,15,95.7666666666667,-26.7666666666667
"556",2018,"T40","VenezuelaJhonattan Vegas",300.6,57.1,72.2,1.692,0,20,38,13,1,"-5",-5,40,72,73.5,15,95.7666666666667,-22.2666666666667
"557",2018,"T40","United StatesChesson Hadley",292.7,71.4,69.4,1.76,1,16,45,7,3,"-5",-5,40,72,74,15,95.7666666666667,-21.7666666666667
"558",2018,"T40","United StatesZach Johnson",275.5,66.1,72.2,1.731,0,17,45,9,0,"-5",-5,40,71,71,15,95.7666666666667,-24.7666666666667
"559",2018,"T44","United StatesBrian Gay",267,80.4,63.9,1.696,0,17,43,11,1,"-4",-4,44,72,67,15,95.7666666666667,-28.7666666666667
"560",2018,"T44","AustraliaJason Day",301.8,55.4,65.3,1.723,0,15,48,7,2,"-4",-4,44,72,64.5,15,95.7666666666667,-31.2666666666667
"561",2018,"T44","United StatesBeau Hossler",296.4,69.6,68.1,1.755,1,15,45,9,2,"-4",-4,44,72,70,15,95.7666666666667,-25.7666666666667
"562",2018,"T44","ScotlandRussell Knox",274.3,78.6,79.2,1.86,0,11,55,5,1,"-4",-4,44,72,58,15,95.7666666666667,-37.7666666666667
"563",2018,"T44","SlovakiaRory Sabbatini",284.4,75,69.4,1.7,0,20,40,8,4,"-4",-4,44,72,73,15,95.7666666666667,-22.7666666666667
"564",2018,"T44","United StatesJohn Huh",273.6,75,63.9,1.609,1,18,38,14,1,"-4",-4,44,72,74,15,95.7666666666667,-21.7666666666667
"565",2018,"T44","United StatesKevin Streelman",282.2,71.4,66.7,1.667,0,20,36,16,0,"-4",-4,44,72,71,15,95.7666666666667,-24.7666666666667
"566",2018,"T44","United StatesBubba Watson",302.5,62.5,68.1,1.755,2,14,43,12,1,"-4",-4,44,72,73.5,15,95.7666666666667,-22.2666666666667
"567",2018,"T52","South AfricaBranden Grace",292.3,69.6,72.2,1.846,0,13,50,8,1,"-3",-3,52,72,59,15,95.7666666666667,-36.7666666666667
"568",2018,"T52","United StatesChris Kirk",278.3,76.8,65.3,1.681,0,16,45,9,2,"-3",-3,52,72,64,15,95.7666666666667,-31.7666666666667
"569",2018,"T52","United StatesLucas Glover",295.5,78.6,69.4,1.8,0,14,48,9,1,"-3",-3,52,72,60.5,15,95.7666666666667,-35.2666666666667
"570",2018,"T52","United StatesWesley Bryan",278.8,64.3,62.5,1.733,0,15,46,10,1,"-3",-3,52,72,62,15,95.7666666666667,-33.7666666666667
"571",2018,"T52","IrelandShane Lowry",291.3,60.7,70.8,1.686,0,19,39,12,2,"-3",-3,52,72,68.5,15,95.7666666666667,-27.2666666666667
"572",2018,"T57","United StatesBill Haas",287.1,60.7,62.5,1.844,0,13,49,9,1,"-2",-2,57,72,58,15,95.7666666666667,-37.7666666666667
"573",2018,"T57","United StatesNick Watney",300.4,58.9,65.3,1.681,1,15,43,11,2,"-2",-2,57,72,67,15,95.7666666666667,-28.7666666666667
"574",2018,"T57","MexicoAbraham Ancer",292.7,78.6,62.5,1.667,0,19,38,14,0,"-2",-2,57,71,69,15,95.7666666666667,-26.7666666666667
"575",2018,"T57","United StatesTed Potter Jr.",281.3,75,69.4,1.86,0,10,55,6,1,"-2",-2,57,72,53.5,15,95.7666666666667,-42.2666666666667
"576",2018,"T57","South KoreaSung Kang",288.7,67.9,66.7,1.688,1,16,43,10,1,"-2",-2,57,71,71.5,15,95.7666666666667,-24.2666666666667
"577",2018,"T62","AustraliaMarc Leishman",294.9,67.9,69.4,1.74,0,15,48,6,2,"-1",-1,62,71,64,15,95.7666666666667,-31.7666666666667
"578",2018,"T62","United StatesBrice Garnett",284.8,67.9,70.8,1.902,0,16,43,11,2,"-1",-1,62,72,62,15,95.7666666666667,-33.7666666666667
"579",2018,"T62","United StatesAndrew Dorn (a)",296.6,66.1,61.1,1.795,0,13,47,12,0,"-1",-1,62,72,56.5,15,95.7666666666667,-39.2666666666667
"580",2018,"T65","United StatesAndrew Landry",280.9,78.6,62.5,1.689,0,19,39,9,5,"E",0,65,72,67,15,95.7666666666667,-28.7666666666667
"581",2018,"T65","United StatesCharles Howell III",291.5,67.9,61.1,1.773,0,13,46,13,0,"E",0,65,72,55.5,15,95.7666666666667,-40.2666666666667
"582",2018,"T65","United StatesOllie Schniederjans",281.6,60.7,62.5,1.778,0,16,43,11,1,"E",0,65,71,63,15,95.7666666666667,-32.7666666666667
"583",2018,"T65","United StatesKevin Tway",299.8,53.6,59.7,1.721,0,17,42,10,2,"E",0,65,71,65,15,95.7666666666667,-30.7666666666667
"584",2018,"69","FijiVijay Singh",284.8,73.2,69.4,1.76,1,16,38,15,2,"1",1,69,72,65.5,15,95.7666666666667,-30.2666666666667
"585",2018,"T70","JapanYusaku Miyazato",273.9,69.6,65.3,1.745,0,15,41,15,1,"2",2,70,72,57,15,95.7666666666667,-38.7666666666667
"586",2018,"T70","United StatesBrian Stuard",267.3,85.7,66.7,1.813,1,11,47,11,2,"2",2,70,72,57,15,95.7666666666667,-38.7666666666667
"587",2018,"T70","United StatesPat Perez",287.6,62.5,65.3,1.894,0,11,49,11,1,"2",2,70,72,51,15,95.7666666666667,-44.7666666666667
"588",2018,"73","United StatesGrayson Murray",303.7,55.4,55.6,1.675,0,19,33,15,5,"6",6,73,72,61,15,95.7666666666667,-34.7666666666667
"589",2019,"1","United StatesPatrick Cantlay",298.4,67.9,69.4,1.62,0,25,41,6,0,"-19",-19,1,72,122.5,14,92.5714285714286,29.9285714285714
"590",2019,"2","AustraliaAdam Scott",294,71.4,75,1.722,0,23,43,6,0,"-17",-17,2,72,107.5,14,92.5714285714286,14.9285714285714
"591",2019,"3","GermanyMartin Kaymer",277.8,76.8,65.3,1.617,0,22,43,7,0,"-15",-15,3,72,102,14,92.5714285714286,9.42857142857143
"592",2019,"4","United StatesKevin Streelman",288.3,66.1,72.2,1.692,1,19,44,8,0,"-13",-13,4,72,99,14,92.5714285714286,6.42857142857143
"593",2019,"5","AustraliaMarc Leishman",297.9,57.1,68.1,1.694,0,17,50,5,0,"-12",-12,5,72,87.5,14,92.5714285714286,-5.07142857142857
"594",2019,"6","JapanHideki Matsuyama",290.7,69.6,72.2,1.654,0,23,40,6,3,"-11",-11,6,72,95,14,92.5714285714286,2.42857142857143
"595",2019,"T7","United StatesJason Dufner",277.4,89.3,73.6,1.679,1,20,42,6,3,"-10",-10,7,72,93,14,92.5714285714286,0.428571428571431
"596",2019,"T7","United StatesJordan Spieth",284.8,73.2,58.3,1.762,1,15,49,7,0,"-10",-10,7,72,84,14,92.5714285714286,-8.57142857142857
"597",2019,"T9","United StatesTiger Woods",291.6,75,66.7,1.667,0,20,43,7,2,"-9",-9,9,72,84,14,92.5714285714286,-8.57142857142857
"598",2019,"T9","United StatesBilly Horschel",284.7,75,73.6,1.792,0,15,51,6,0,"-9",-9,9,72,75.5,14,92.5714285714286,-17.0714285714286
"599",2019,"T9","ArgentinaEmiliano Grillo",288,82.1,63.9,1.761,2,17,42,10,1,"-9",-9,9,72,90,14,92.5714285714286,-2.57142857142857
"600",2019,"T9","United StatesBud Cauley",284.7,64.3,68.1,1.633,1,18,45,5,3,"-9",-9,9,72,87,14,92.5714285714286,-5.57142857142857
"601",2019,"13","EnglandJustin Rose",292.9,66.1,69.4,1.66,2,17,42,9,2,"-8",-8,13,72,87.5,14,92.5714285714286,-5.07142857142857
"602",2019,"T14","United StatesMichael Thompson",278.4,83.9,68.1,1.755,1,16,44,11,0,"-7",-7,14,72,78.5,14,92.5714285714286,-14.0714285714286
"603",2019,"T14","United StatesXander Schauffele",297.6,78.6,73.6,1.792,0,19,43,8,2,"-7",-7,14,72,78.5,14,92.5714285714286,-14.0714285714286
"604",2019,"T14","United StatesRickie Fowler",302.4,62.5,58.3,1.69,0,17,47,6,2,"-7",-7,14,72,75.5,14,92.5714285714286,-17.0714285714286
"605",2019,"T17","South KoreaByeong Hun An",295.8,66.1,62.5,1.667,0,15,48,9,0,"-6",-6,17,72,69.5,14,92.5714285714286,-23.0714285714286
"606",2019,"T17","United StatesPeter Malnati",287.3,53.6,76.4,1.782,0,16,46,10,0,"-6",-6,17,72,71,14,92.5714285714286,-21.5714285714286
"607",2019,"T17","ThailandKiradech Aphibarnrat",282.4,76.8,63.9,1.696,0,18,44,8,2,"-6",-6,17,72,75,14,92.5714285714286,-17.5714285714286
"608",2019,"T17","United StatesAndrew Putnam",278.1,71.4,59.7,1.581,0,19,43,7,3,"-6",-6,17,72,77,14,92.5714285714286,-15.5714285714286
"609",2019,"T17","United StatesTroy Merritt",281.4,76.8,69.4,1.74,1,16,44,10,1,"-6",-6,17,72,77,14,92.5714285714286,-15.5714285714286
"610",2019,"T22","United StatesBryson DeChambeau",293.7,76.8,61.1,1.727,0,17,47,4,4,"-5",-5,22,72,72.5,14,92.5714285714286,-20.0714285714286
"611",2019,"T22","United StatesRyan Armour",263.1,91.1,72.2,1.788,0,15,48,8,1,"-5",-5,22,72,68,14,92.5714285714286,-24.5714285714286
"612",2019,"T22","United StatesSteve Stricker",268.3,83.9,69.4,1.72,0,14,50,7,1,"-5",-5,22,72,66.5,14,92.5714285714286,-26.0714285714286
"613",2019,"T22","United StatesNick Watney",295.4,67.9,69.4,1.66,0,19,41,10,2,"-5",-5,22,72,74.5,14,92.5714285714286,-18.0714285714286
"614",2019,"T22","AustraliaAaron Baddeley",275.5,64.3,65.3,1.766,0,13,51,8,0,"-5",-5,22,72,64.5,14,92.5714285714286,-28.0714285714286
"615",2019,"T27","United StatesAustin Cook",274.8,67.9,65.3,1.745,0,19,38,15,0,"-4",-4,27,72,71.5,14,92.5714285714286,-21.0714285714286
"616",2019,"T27","SlovakiaRory Sabbatini",271.3,71.4,58.3,1.69,0,16,45,10,1,"-4",-4,27,72,67.5,14,92.5714285714286,-25.0714285714286
"617",2019,"T27","ScotlandRussell Knox",276.5,75,68.1,1.776,0,15,48,7,2,"-4",-4,27,72,66.5,14,92.5714285714286,-26.0714285714286
"618",2019,"T27","United StatesBrian Harman",276.1,85.7,75,1.741,0,19,39,13,1,"-4",-4,27,72,72,14,92.5714285714286,-20.5714285714286
"619",2019,"T27","ChileJoaquin Niemann",287.8,73.2,68.1,1.755,0,15,46,11,0,"-4",-4,27,72,65.5,14,92.5714285714286,-27.0714285714286
"620",2019,"T27","EnglandDanny Willett",288,66.1,69.4,1.82,0,15,46,11,0,"-4",-4,27,72,65.5,14,92.5714285714286,-27.0714285714286
"621",2019,"T33","United StatesJim Furyk",266.7,80.4,70.8,1.784,0,14,47,11,0,"-3",-3,33,72,62,14,92.5714285714286,-30.5714285714286
"622",2019,"T33","United StatesRyan Moore",266.4,76.8,56.9,1.659,0,16,44,11,1,"-3",-3,33,72,65.5,14,92.5714285714286,-27.0714285714286
"623",2019,"T33","EnglandTyrrell Hatton",280.2,78.6,69.4,1.78,0,14,48,9,1,"-3",-3,33,72,62.5,14,92.5714285714286,-30.0714285714286
"624",2019,"T33","United StatesBrian Stuard",262.9,78.6,56.9,1.683,0,17,44,8,3,"-3",-3,33,72,68,14,92.5714285714286,-24.5714285714286
"625",2019,"T37","United StatesMax Homa",285,67.9,65.3,1.787,1,13,47,9,2,"-2",-2,37,72,66,14,92.5714285714286,-26.5714285714286
"626",2019,"T37","SwedenHenrik Stenson",269.8,83.9,69.4,1.76,0,15,45,11,1,"-2",-2,37,72,63,14,92.5714285714286,-29.5714285714286
"627",2019,"T37","ChinaHaotong Li",283.7,69.6,66.7,1.729,0,16,44,10,2,"-2",-2,37,72,65,14,92.5714285714286,-27.5714285714286
"628",2019,"T37","South KoreaK.H. Lee",280.8,75,68.1,1.735,0,16,43,12,1,"-2",-2,37,72,64.5,14,92.5714285714286,-28.0714285714286
"629",2019,"T41","United StatesBrendan Steele",284,67.9,52.8,1.658,0,19,35,18,0,"-1",-1,41,72,66.5,14,92.5714285714286,-26.0714285714286
"630",2019,"T41","SpainRafa Cabrera Bello",277.5,69.6,65.3,1.723,1,17,39,13,1,"-1",-1,41,71,72,14,92.5714285714286,-20.5714285714286
"631",2019,"T41","SwedenDavid Lingmerth",268.2,71.4,61.1,1.75,0,17,43,9,2,"-1",-1,41,71,67,14,92.5714285714286,-25.5714285714286
"632",2019,"T41","South KoreaSi Woo Kim",282,73.2,61.1,1.682,0,17,43,9,2,"-1",-1,41,71,67,14,92.5714285714286,-25.5714285714286
"633",2019,"T41","United StatesKevin Kisner",279.6,82.1,58.3,1.762,0,14,46,11,1,"-1",-1,41,72,59.5,14,92.5714285714286,-33.0714285714286
"634",2019,"T41","SwedenAlex Noren",296.4,69.6,61.1,1.773,2,13,43,12,2,"-1",-1,41,72,69.5,14,92.5714285714286,-23.0714285714286
"635",2019,"T41","AustraliaMatt Jones",283.7,76.8,69.4,1.8,0,20,36,13,3,"-1",-1,41,72,69.5,14,92.5714285714286,-23.0714285714286
"636",2019,"T48","United StatesDavid Lipsky",277.4,71.4,65.3,1.809,0,14,45,12,1,"E",0,48,72,58.5,14,92.5714285714286,-34.0714285714286
"637",2019,"T48","United StatesScott Stallings",285.9,60.7,66.7,1.792,1,13,46,10,1,"E",0,48,71,65,14,92.5714285714286,-27.5714285714286
"638",2019,"T48","United StatesKeith Mitchell",298.1,73.2,55.6,1.75,1,14,42,14,1,"E",0,48,72,64,14,92.5714285714286,-28.5714285714286
"639",2019,"T48","United StatesVaughn Taylor",271.8,78.6,58.3,1.69,1,16,39,14,2,"E",0,48,72,67.5,14,92.5714285714286,-25.0714285714286
"640",2019,"T52","IndiaAnirban Lahiri",283.3,73.2,63.9,1.739,0,18,36,17,1,"1",1,52,72,62.5,14,92.5714285714286,-30.0714285714286
"641",2019,"T52","CanadaAdam Hadwin",281,80.4,56.9,1.707,0,17,39,14,2,"1",1,52,72,61.5,14,92.5714285714286,-31.0714285714286
"642",2019,"T52","United StatesJ.T. Poston",281,75,62.5,1.822,0,14,43,15,0,"1",1,52,72,56,14,92.5714285714286,-36.5714285714286
"643",2019,"T52","United StatesGary Woodland",292.2,66.1,63.9,1.652,0,20,36,12,3,"1",1,52,71,69,14,92.5714285714286,-23.5714285714286
"644",2019,"T52","United StatesLucas Glover",280.7,69.6,61.1,1.795,0,13,48,9,1,"1",1,52,71,57.5,14,92.5714285714286,-35.0714285714286
"645",2019,"T57","South KoreaSungjae Im",280.1,67.9,56.9,1.707,0,19,34,17,2,"2",2,57,72,63.5,14,92.5714285714286,-29.0714285714286
"646",2019,"T57","United StatesPat Perez",278.9,75,58.3,1.881,0,15,42,13,2,"2",2,57,72,57.5,14,92.5714285714286,-35.0714285714286
"647",2019,"T57","United StatesSam Ryder",281.7,67.9,61.1,1.75,0,17,39,13,3,"2",2,57,72,61,14,92.5714285714286,-31.5714285714286
"648",2019,"T57","South AfricaLouis Oosthuizen",276.4,66.1,58.3,1.81,0,14,45,10,3,"2",2,57,72,56.5,14,92.5714285714286,-36.0714285714286
"649",2019,"T57","EnglandLuke Donald",271.2,66.1,55.6,1.675,0,18,38,12,4,"2",2,57,72,63,14,92.5714285714286,-29.5714285714286
"650",2019,"T62","NetherlandsJoost Luiten",282,71.4,59.7,1.814,0,12,45,15,0,"3",3,62,72,51,14,92.5714285714286,-41.5714285714286
"651",2019,"T62","United StatesJason Kokrak",298.9,58.9,56.9,1.805,0,14,42,15,1,"3",3,62,72,54.5,14,92.5714285714286,-38.0714285714286
"652",2019,"T62","IndiaShubhankar Sharma",279.5,80.4,61.1,1.682,1,15,40,12,3,"3",3,62,71,64,14,92.5714285714286,-28.5714285714286
"653",2019,"T65","MexicoAbraham Ancer",276.6,75,58.3,1.786,0,14,40,18,0,"4",4,65,72,53,14,92.5714285714286,-39.5714285714286
"654",2019,"T65","United StatesAdam Schenk",294.9,57.1,62.5,1.733,0,14,44,10,4,"4",4,65,72,55,14,92.5714285714286,-37.5714285714286
"655",2019,"T65","CanadaCorey Conners",290.9,73.2,68.1,1.837,0,12,47,10,3,"4",4,65,72,51.5,14,92.5714285714286,-41.0714285714286
"656",2019,"T68","United StatesNorman Xiong",303.1,51.8,68.1,1.776,0,16,38,15,3,"5",5,68,72,56.5,14,92.5714285714286,-36.0714285714286
"657",2019,"T68","United StatesJoel Dahmen",280.9,80.4,58.3,1.762,0,14,40,17,1,"5",5,68,72,52.5,14,92.5714285714286,-40.0714285714286
"658",2019,"T68","EnglandMatt Fitzpatrick",272.5,76.8,68.1,1.857,1,13,41,14,3,"5",5,68,72,57.5,14,92.5714285714286,-35.0714285714286
"659",2019,"T71","United StatesBoo Weekley",272.1,78.6,62.5,1.822,0,12,44,11,5,"9",9,71,72,47.5,14,92.5714285714286,-45.0714285714286
"660",2019,"T71","South KoreaK.J. Choi",258.8,69.6,55.6,1.85,0,9,45,18,0,"9",9,71,72,40.5,14,92.5714285714286,-52.0714285714286
"661",2019,"73","United StatesTed Potter Jr.",280.1,69.6,55.6,1.725,0,13,39,16,3,"12",12,73,71,47.5,14,92.5714285714286,-45.0714285714286
"662",2020,"1","SpainJon Rahm",293.4,64.3,66.7,1.708,0,18,46,7,1,"-9",-9,1,72,102.5,14,78.0357142857143,24.4642857142857
"663",2020,"2","United StatesRyan Palmer",299.3,53.6,61.1,1.75,0,14,50,8,0,"-6",-6,2,72,83,14,78.0357142857143,4.96428571428571
"664",2020,"3","EnglandMatt Fitzpatrick",299.2,64.3,63.9,1.783,1,12,51,7,1,"-5",-5,3,72,83,14,78.0357142857143,4.96428571428571
"665",2020,"T4","EnglandMatt Wallace",292.8,53.6,65.3,1.638,0,20,38,12,2,"-4",-4,4,72,87,14,78.0357142857143,8.96428571428571
"666",2020,"T4","AustraliaJason Day",297.4,64.3,62.5,1.689,0,16,46,8,2,"-4",-4,4,72,81,14,78.0357142857143,2.96428571428571
"667",2020,"T6","CanadaMackenzie Hughes",299.7,60.7,59.7,1.721,0,17,43,10,2,"-3",-3,6,72,77.5,14,78.0357142857143,-0.535714285714292
"668",2020,"T6","SwedenHenrik Norlander",277.2,57.1,58.3,1.619,0,17,41,14,0,"-3",-3,6,72,76.5,14,78.0357142857143,-1.53571428571429
"669",2020,"8","United StatesTony Finau",318.9,44.6,58.3,1.548,0,21,37,10,3,"-2",-2,8,71,82.5,14,78.0357142857143,4.46428571428571
"670",2020,"9","United StatesKevin Na",286.4,57.1,58.3,1.69,0,17,39,16,0,"-1",-1,9,72,70.5,14,78.0357142857143,-7.53571428571429
"671",2020,"T10","United StatesLuke List",327.2,58.9,66.7,1.896,1,10,50,10,1,"E",0,10,72,64,14,78.0357142857143,-14.0357142857143
"672",2020,"T10","United StatesPatrick Reed",294.4,55.4,61.1,1.659,0,17,42,9,4,"E",0,10,72,70.5,14,78.0357142857143,-7.53571428571429
"673",2020,"T10","ChinaXinjun Zhang",301,48.2,59.7,1.767,1,12,45,14,0,"E",0,10,72,66.5,14,78.0357142857143,-11.5357142857143
"674",2020,"T13","United StatesXander Schauffele",302.5,73.2,72.2,1.865,2,12,43,14,0,"1",1,13,71,72.5,14,78.0357142857143,-5.53571428571429
"675",2020,"T13","United StatesHarris English",287.7,57.1,58.3,1.81,0,10,51,11,0,"1",1,13,72,56,14,78.0357142857143,-22.0357142857143
"676",2020,"T13","United StatesBilly Horschel",301.4,62.5,65.3,1.702,0,16,43,10,2,"1",1,13,71,68.5,14,78.0357142857143,-9.53571428571429
"677",2020,"T13","United StatesJordan Spieth",293.3,51.8,59.7,1.744,1,14,42,13,2,"1",1,13,72,68.5,14,78.0357142857143,-9.53571428571429
"678",2020,"T13","United StatesBrendan Steele",304.6,62.5,61.1,1.818,1,11,47,12,1,"1",1,13,72,63.5,14,78.0357142857143,-14.5357142857143
"679",2020,"T18","United StatesSteve Stricker",274.6,62.5,62.5,1.844,0,9,52,11,0,"2",2,18,72,52.5,14,78.0357142857143,-25.5357142857143
"680",2020,"T18","United StatesJustin Thomas",304,53.6,56.9,1.78,0,13,46,11,2,"2",2,18,72,59.5,14,78.0357142857143,-18.5357142857143
"681",2020,"T18","South KoreaSi Woo Kim",291.8,39.3,58.3,1.643,0,18,37,14,3,"2",2,18,72,67.5,14,78.0357142857143,-10.5357142857143
"682",2020,"T18","United StatesPatrick Rodgers",307.1,53.6,55.6,1.7,0,15,42,13,2,"2",2,18,72,62.5,14,78.0357142857143,-15.5357142857143
"683",2020,"T22","South AfricaChristiaan Bezuidenhout",272.9,53.6,62.5,1.778,0,12,48,9,3,"3",3,22,72,56.5,14,78.0357142857143,-21.5357142857143
"684",2020,"T22","CanadaCorey Conners",299.7,55.4,55.6,1.875,0,11,47,14,0,"3",3,22,72,53.5,14,78.0357142857143,-24.5357142857143
"685",2020,"T22","South AfricaErik van Rooyen",283.2,58.9,66.7,1.875,0,14,43,13,2,"3",3,22,72,59,14,78.0357142857143,-19.0357142857143
"686",2020,"T22","United StatesKeith Mitchell",302.4,50,66.7,1.771,1,13,42,14,2,"3",3,22,72,63,14,78.0357142857143,-15.0357142857143
"687",2020,"T22","South AfricaDylan Frittelli",290.2,51.8,59.7,1.837,0,14,44,11,3,"3",3,22,72,59.5,14,78.0357142857143,-18.5357142857143
"688",2020,"T22","United StatesMatthew Wolff",314.8,58.9,62.5,1.733,0,17,41,11,1,"3",3,22,70,69,14,78.0357142857143,-9.03571428571429
"689",2020,"T22","United StatesGary Woodland",292.2,46.4,54.2,1.744,1,14,40,15,2,"3",3,22,72,64.5,14,78.0357142857143,-13.5357142857143
"690",2020,"T22","United StatesBrendon Todd",281.3,57.1,56.9,1.805,0,14,42,15,1,"3",3,22,72,58.5,14,78.0357142857143,-19.5357142857143
"691",2020,"T22","United StatesScottie Scheffler",304.4,58.9,66.7,1.813,0,14,45,11,1,"3",3,22,71,62,14,78.0357142857143,-16.0357142857143
"692",2020,"T22","United StatesChez Reavie",292.3,64.3,63.9,1.826,1,9,50,10,2,"3",3,22,72,57,14,78.0357142857143,-21.0357142857143
"693",2020,"T32","United StatesMatt Kuchar",292.7,46.4,65.3,1.745,0,12,46,12,2,"4",4,32,72,53,14,78.0357142857143,-25.0357142857143
"694",2020,"T32","SpainSergio Garcia",299.6,41.1,66.7,1.833,1,12,44,13,1,"4",4,32,71,60.5,14,78.0357142857143,-17.5357142857143
"695",2020,"T32","United StatesBubba Watson",304.7,48.2,65.3,1.702,1,15,36,19,1,"4",4,32,72,62.5,14,78.0357142857143,-15.5357142857143
"696",2020,"T32","Northern IrelandRory McIlroy",306.8,66.1,63.9,1.717,1,16,36,17,1,"4",4,32,71,66.5,14,78.0357142857143,-11.5357142857143
"697",2020,"T32","United StatesPatrick Cantlay",297.9,53.6,61.1,1.727,0,16,41,10,5,"4",4,32,72,60.5,14,78.0357142857143,-17.5357142857143
"698",2020,"T32","EnglandDanny Willett",289.6,58.9,58.3,1.69,0,17,38,13,4,"4",4,32,72,61.5,14,78.0357142857143,-16.5357142857143
"699",2020,"T38","SwedenCarl Pettersson",283.9,53.6,55.6,1.825,0,14,41,15,2,"5",5,38,72,55,14,78.0357142857143,-23.0357142857143
"700",2020,"T38","United StatesLucas Glover",298,48.2,59.7,1.791,0,13,43,14,2,"5",5,38,72,53.5,14,78.0357142857143,-24.5357142857143
"701",2020,"T40","United StatesRyan Moore",291.1,60.7,59.7,1.721,0,15,39,15,3,"6",6,40,72,56,14,78.0357142857143,-22.0357142857143
"702",2020,"T40","United StatesScott Harrington",305.1,48.2,51.4,1.703,2,14,33,22,1,"6",6,40,72,64.5,14,78.0357142857143,-13.5357142857143
"703",2020,"T40","AustraliaMarc Leishman",295.2,41.1,44.4,1.688,0,14,39,18,1,"6",6,40,72,53.5,14,78.0357142857143,-24.5357142857143
"704",2020,"T40","United StatesTiger Woods",298.1,55.4,62.5,1.756,0,14,40,16,2,"6",6,40,72,54,14,78.0357142857143,-24.0357142857143
"705",2020,"T44","United StatesLanto Griffin",291.8,48.2,56.9,1.829,0,11,46,13,1,"7",7,44,71,49.5,14,78.0357142857143,-28.5357142857143
"706",2020,"T44","Chinese TaipeiC.T. Pan",287.6,60.7,68.1,1.735,0,14,42,12,3,"7",7,44,71,55,14,78.0357142857143,-23.0357142857143
"707",2020,"T44","United StatesBud Cauley",289.5,53.6,58.3,1.81,0,10,48,11,3,"7",7,44,72,46.5,14,78.0357142857143,-31.5357142857143
"708",2020,"T44","United StatesJason Dufner",291.4,55.4,62.5,1.911,0,10,47,13,2,"7",7,44,72,46,14,78.0357142857143,-32.0357142857143
"709",2020,"T48","United StatesJim Furyk",277.8,69.6,61.1,1.75,1,11,42,15,3,"8",8,48,72,52.5,14,78.0357142857143,-25.5357142857143
"710",2020,"T48","United StatesCollin Morikawa",287.9,64.3,62.5,1.889,1,9,48,10,3,"8",8,48,71,52,14,78.0357142857143,-26.0357142857143
"711",2020,"T48","United StatesCharles Howell III",290.6,41.1,51.4,1.757,1,10,44,14,3,"8",8,48,72,51,14,78.0357142857143,-27.0357142857143
"712",2020,"T48","NorwayViktor Hovland",298,51.8,59.7,1.674,0,18,34,16,2,"8",8,48,70,62,14,78.0357142857143,-16.0357142857143
"713",2020,"T48","ColombiaSebastián Muñoz",286.9,48.2,58.3,1.881,0,10,44,18,0,"8",8,48,72,44,14,78.0357142857143,-34.0357142857143
"714",2020,"T48","MexicoCarlos Ortiz",301.1,50,51.4,1.649,1,12,40,17,1,"8",8,48,71,55.5,14,78.0357142857143,-22.5357142857143
"715",2020,"T54","United StatesKevin Streelman",282.4,64.3,55.6,1.8,0,12,40,19,1,"9",9,54,72,45.5,14,78.0357142857143,-32.5357142857143
"716",2020,"T54","United StatesPhil Mickelson",298.8,50,58.3,1.857,1,10,45,12,3,"9",9,54,71,51.5,14,78.0357142857143,-26.5357142857143
"717",2020,"T54","South AfricaLouis Oosthuizen",301.1,51.8,66.7,1.875,0,12,42,16,1,"9",9,54,71,48,14,78.0357142857143,-30.0357142857143
"718",2020,"T54","CanadaAdam Hadwin",290.2,58.9,51.4,1.703,1,11,44,11,4,"9",9,54,71,53.5,14,78.0357142857143,-24.5357142857143
"719",2020,"T58","United StatesDenny McCarthy",283.7,57.1,58.3,1.762,0,13,40,15,4,"10",10,58,72,47.5,14,78.0357142857143,-30.5357142857143
"720",2020,"T58","United StatesZach Johnson",285.5,62.5,63.9,1.826,0,11,42,17,2,"10",10,58,72,43.5,14,78.0357142857143,-34.5357142857143
"721",2020,"T58","MexicoAbraham Ancer",291.1,57.1,48.6,1.743,0,10,48,8,6,"10",10,58,72,44,14,78.0357142857143,-34.0357142857143
"722",2020,"61","AustriaSepp Straka",301.1,50,58.3,1.762,0,11,45,11,4,"11",11,61,71,46,14,78.0357142857143,-32.0357142857143
"723",2020,"T62","United StatesJimmy Walker",297.7,33.9,54.2,1.718,0,14,40,13,3,"12",12,62,70,52.5,14,78.0357142857143,-25.5357142857143
"724",2020,"T62","FijiVijay Singh",280.5,53.6,51.4,1.811,0,9,48,11,2,"12",12,62,70,43.5,14,78.0357142857143,-34.5357142857143
"725",2020,"T62","United StatesScott Piercy",307.1,55.4,52.8,1.763,0,17,32,18,4,"12",12,62,71,54,14,78.0357142857143,-24.0357142857143
"726",2020,"T62","United StatesBo Hoag",290.4,50,55.6,1.725,0,14,33,24,1,"12",12,62,72,45.5,14,78.0357142857143,-32.5357142857143
"727",2020,"T62","United StatesStewart Cink",287.2,37.5,51.4,1.865,0,5,52,13,2,"12",12,62,72,32.5,14,78.0357142857143,-45.5357142857143
"728",2020,"T62","United StatesBrooks Koepka",301,55.4,58.3,1.714,0,15,34,19,4,"12",12,62,72,48.5,14,78.0357142857143,-29.5357142857143
"729",2020,"T68","United StatesKeegan Bradley",299.3,46.4,55.6,1.85,0,12,35,25,0,"13",13,68,72,41,14,78.0357142857143,-37.0357142857143
"730",2020,"T68","AustraliaCameron Smith",282.1,50,54.2,1.846,0,9,45,16,0,"13",13,68,70,41.5,14,78.0357142857143,-36.5357142857143
"731",2020,"T68","United StatesWilliam McGirt",268.7,62.5,59.7,1.953,0,10,43,17,1,"13",13,68,71,42,14,78.0357142857143,-36.0357142857143
"732",2020,"T68","United StatesTyler Duncan",283.8,50,55.6,1.8,0,11,39,20,2,"13",13,68,72,40.5,14,78.0357142857143,-37.5357142857143
"733",2020,"72","United StatesMark Hubbard",286.5,53.6,51.4,1.838,0,11,39,19,3,"14",14,72,72,40,14,78.0357142857143,-38.0357142857143
"734",2020,"73","South KoreaSung Kang",302.2,30.4,44.4,1.719,0,10,38,22,2,"16",16,73,72,36,14,78.0357142857143,-42.0357142857143
"735",2020,"74","United StatesJoel Dahmen",292.8,50,47.2,1.853,0,8,41,20,3,"18",18,74,72,31.5,14,78.0357142857143,-46.5357142857143
